22244,আমার ফুড়ির বয়স ২০ মাস। আইজ ১০ / ১৫ দিন থাকি বাথরুম খরতে খুব কষ্ট অয় আর পরিমাণ খুব কম। বাথরুম খরতে খুব কান্দাও করে। দেইখা বুঝা যায় অনেক চাপ আছে কিন্তু বাথরুম অয় না। আমি কেইদিন ধরি ডিল্যাক আর অমিডন খাওয়াইরাম কুনো কাম দিরানা। এহন কিতা খাওয়ানো যায় একটু জানাইবা।
19887,"আমার বউউর বয়স ২৬ বছর, হঠাৎ নাক দিয়া ব্লাড পড়ছে ১০ মিনিট খানি, নাকের ভিতরে ব্যাথা খরছিল। ২ মাস আগেউ পড়ছে, তার সাইনোসাইটিসর আর এলার্জির সমস্যা আছে। ১/২ বছরে কুনু উষধ খাইছে না। প্রাথমিক চিকিৎসা কিতা অইবো? যেহেতু করোনার সমায়!"
13928,"আমার মাইয়ার বয়স আট বছর। গত তিন / চার মাস থাকিয়া ঘন ঘন থু থু ফাইলাইর; তারও আগে থাকিয়া খাছ করিয়া রাইত অইলে ঘন ঘন ফেছাব খরে। স্থানীয় পল্লী ডাক্তারর পরামর্শত মাস খানেক আগে মেবেনডাজল কোর্স ফূরা খরছি। সমস্যাটা আছৈই, আর কুনু শারিরীক সমস্যা দেখা গেসে না, বা দূর্বলতা নাই। মেহেরবানি করিয়া সমাধান দিবা।"
11550,"আমার কঁমরের বহুত বেথা আর ডাইন ফায়র মাংশ বহুত বেথা খরে। আমার ই বেথা প্রায় তিন মাস থাকি। আমি আট্টাইতে ফারি না, সোজা অইয়া উবাইতে ফারি না, বহুত বেথা খরে। আমার কঁমরের ডাইন দিকের হাড্ডিটা বায়দিকের হাড্ডির চাইয়া একটুক বেশি উঁচা আর বহুত বেথা খরে। একজান সরকারি হসপিটালের ডাক্তার আমারে ক্যালবো ডি, রিলেনটাস, ইনকাম, ইসোমিক্স 20 প্রেসক্রাইব খরছিল, কিন্তু খাইয়াও আমার কুনু উন্নতি অইছে না। আমি আমার কঁমরের বেথার লাগি আট্টাইতে ফারি না, সোজা অইয়া উবাইতে ফারি না। আমি আফনার থাকি ভালা ফলাফলের আশা খরি।"
21599,"আমার বয়স ৩০ বচ্ছর। আই বহুত দিন ধরি এলার্জির বেমারো ভুগরাম। আমার এলার্জি খালি চোখ আর নাকো। বহুত বেশিয়া চোখ চুলকায়, আমার প্রায় সময় ঠান্ডা লাগি রয়। বহুত ডাক্তার দেখাইছি, কুনু লাভ অইছে না। যেদিন ধরি ওষুদ খাই তেদিন ধরি বালা থাকি। ওষুদ খাওয়া বন(ধ)্দ খইলে আগর অবস্থায় ফিরা আইয়ায়। এউ অবস্থায় আমার কিতা খরার আছে? প্লিজ এডভাইস।"
14764,"আমার ফুয়ার বয়স সাড়ে তিন বছর। তার টাইফয়েডের খারণে হিমোগ্লোবিন ৯. ৮ আইছে। এহন জ্বর নাই। কিন্ত শরীল হাল্কা গরম থাকে। মাপিয়া দেখলে কুনো সময় ৯৮. ৫ আবার ৯৭. ৭ দেখায়। ডাক্তারে এরিটোন জেড আই খাইতে দিছে। আইজ দুইদিন ধরি খাওয়াইরাম। আমি তারারে হকল পুষ্টিকর খাওন খাওয়াই। শিং মাছ, খলা, ডুমুর, ডালিম, লিচু, পাকা খলা, ভাত, রুটি, গরুর দুধ, ডিম, কলিজা দেই। এহন আর কিতা খরা যায়?"
17895,"আমার তিনদিন ধরি কিছু সময় পর পর হালকা কাঁশি আর মাঝে মাজে খুব জোরে হাঁচি অইরায়। হাঁচি-কাঁশিটা হরমুহূর্তে অইরায় না, ১০ মিনিট ২০ মিনিট পর পর খয়কবার অইরায়। আমার নাকে হালকা পলিপসের সমস্যা আছে আর আমার খাওয়ারে বউত এলার্জি সমস্যা আছে, জেমুন আমি এলার্জি জাতের কিচ্ছু খাইলেই শরীল চুল্কায় আর ছোট ছোট বিচি বিচি অইয়া ফুলি যায়। আমার নাকে অখন সর্দির লাগি নাক বন্ধ অইয়া আছে প্রায়। আমি গরম ফানির ভাপ নিরাম মেনথল দিয়া, মেনথল দিয়া ভাপ নিলে নাক কিছু সময় ক্লিয়ার অয়, বাদে আবার আগের অবস্থা। অখন কিতা ঔষধ খামু?"
2804,আঁই বিয়া করছি ১ মাস অইলো। বিয়ার বাদে ৩ দিন কুনু বেবস্থা ছাড়াই সহবাস করছি তয় বাদো মাসিক অইছিল। ইতার বাদ থাকি বেবস্থার লাগি ফেমিকন পিল খাইরাম। অখন ফেমিকন-এর লাল রং-এর পিল টা খাওয়ার বাদেও কেরে মাসিক অইরায় না? বউত চিন্তাত আছি। আশা করি বউত তারাতারি ভালা উত্তর দিবা।
21519,"ডাক্তার আসসালামুয়ালাইকুম। আমার বউত দিন থাকি মুখে ব্রণ অয়। কিন্তু কিসুদিন থাকি ব্রণের লগে লগে বউত মুখ চুলকায় আর মুখ থাকি খোসা উইঠের। ইতা বউত খারাপ পর্যায়ো আচ্ছে। এখন এত বেশি চুলকায় যে মুখ থাকি আছরের দাগ পড়ের। আর মুখে বউত ব্রণের দাগও আচ্ছে, ই সমায় আমি কিতা করতাম পারি? এছাড়া ডাক্তার আমার উচ্চতা অনুযায়ী ওজন বউত বেশি। আমার উচ্চতা ৫ "" ৩ তিন ইঞ্চি আর আমার ওজন 76 কেজি। আমি 50 কেজি তে আইতে চাই। আমি ডেইলি ডায়েট করি কিন্তু তার বাদেও আমি চিকন অইতে পাররাম না।"
7513,"আমার বউয়ের কোমরর তলে বাম ফায়র জয়েন্টো খট খট শাব্দ অয়, বড্ড বিরাম পায়, বাম ফাই নাড়াইতে পারে না বিরাম পায়। আস্তে আস্তে নাড়াচাড়া খরে। লগে মাথা ঘুরায়, মাঝে মাঝে হঠাৎ করি চোখ ঝাপসা/ঘোলা অইয়া আহে। ৪ মাস আগে সিজার অইছে। বয়স ২৪ বছর। আমি এহন কিতা খরম?"
12239,আঁই ফনেরো বছর ধরি ফায়খানার সমস‍্যায় ভুগরাম। ফায়খানা চাপ দিলে আটকাইয়া রাখাত ফারিনা। ওক্ত ছাড়া ফায়খানা অয়। ফায়খানার কতা মনো ফড়ামাত্র ফায়খানা চাপ দে। আমার ওজন উনপঞ্চাশ কেজি। ফ্রেসার লো। আমার চেহারার অবস্থা বড়ো খারাপ। আঁই এই অবস্থাত কিতা মেডিসিন খাইতাম?
14232,"বওরদিনের ঠান্ডা এহন বাড়ের, শরীল গরম, জ্বর ১০০'র তলে মাতা ঝিম মারি থাকে। গার্মেন্টস জব খরি, মুখর স্বাদ কিছটা বিকৃত অইছে। এইচ প্লাস খাইরাম কিন্তু শরীলর তাপ কমের না। শরীলে বওরদিনেরর চুলকানিও আছে যার চিকিৎসা লইয়া অল্প সময়র লাগি আরাম অয় মাত্তর।"
7658,আই গত ৭ - ৮ দিন আগে ফুটবল খেলরার সমায় ফুটবলে উবায়া মাটিত ফড়ি গেইছি আর ব্যাথা অইছে । বাদে পল্লি চিকিৎসকোর কাছ থাকি কিটোরোলাক সেবন করি । ব্যাথ্যা না কমলে বাদে ফুনু এসোক্লোপেনাক সেবন করি আর একটো ভালা অনুভব করি । কিন্ত আইজ ২ - ৩ দিন ধরিয়া আমার বুকোর ডাইন পাশর দুধোর ঠিক ৪ আঙ্গুল বায় পাশে আর ফিঠর ডাইন পাশ লইয়া ব্যাথা অইরায় । আমার কিতা ধরনর ঔষধ সেবন করা উচিত ।
3104,আমি বহুদিন ধরি শরীলর জয়েন্ট আর মাসল পেইনঅ ভুগরাম . . . আমার ইউরিক অ্যাসিড বেশি থাহে . . . যেতার লাগি আমি রেগুলার ফেবুস ৮০ মি . গ্রা রাইতঅ খাই . . . তউ আমার ব্যাথার কুনো কমতি নাই . . . এই অবস্থায় আমার কিতা খরা উচিত . . . ? ? ?
5294,"আসসালামু আলাইকুম। সম্মানিত ডাক্তার সাব, ছোটো বিলাই বয়স ৮ মাস। তার পেশাবের সমস্যা, পেশাব ক্লিয়ার অয় না, কুনু সময় ৫ মিনিট কুনু সময় ৩০ মিনিট ও ১ ঘন্টা পর পর পেশাব খরলে চাপ দিয়া পেশাব খরতে অয়। মনে অয় কোত দিয়া খরে। প্রায় ২ মাস আগে ডাক্তার দেখাইছিলাম ১টা মলম দিয়া মালিস খরতে কইছিল আর কইছে মুসলমানি খরাইলে বালা অইব। আমরা মলম বেবহার খরিয়া কুনু ফলাফল পাইছি না। আর এই মহুর্তে কুনু বালা ডাক্তার নাই। তাই আফনার গেছে অনুরোধ কুনু পরামর্শ বা ঔষদের নাম লিখিয়া দিলে বউত উপকৃত অইমু। ( জাযাকাল্লাহ খাইরান )"
20853,"আমার বউরি বয়স তেত্রিশ, ইখন দুই মাসর পেটে। এক মাস আগে এজমার লাগি ডাক্তার দেখাইছিলে। তাইন মনাস ১০, কিটোমার, ডক্সভেন ২০০, পেপটিট ২০, রেছকিইন ইতা খাইবার লাগি কইছেন। খাওয়ার বাদে ভালা লাগেসিলো। কিতাউ এক সপ্তাহ খানি আগ থাকি পেটে অওয়ার লাগি ঔষধ খাওয়া বন্ধ করি দিছে। অইলে আবার আগর সমস্যা দেখা দিতাছে। ইখন আমার কিতা করাতর? ঔষধগুলান খাওয়া যাইবো কিতা না? দয়া করি জানাইবা।"
7634,"আমার বয়স ১৮ + , উচ্চতা ৫ফুট ৭ ইঞ্চি , , ওজন ৫০ - ৫৫ ওর লাখান , উচ্চতা অনুযায়ী আদর্শ ওজন ৬৩ - ৬৯ , , কুনু মতেও কুনু বাবেই ওজন বাড়ের না , , আর খাবারও খাইতে মন চায় না , , এই ১৪ - ১৫ কেজি বাড়ানির লাগি আমারে কিতা খরতে অইবো ? প্রাকৃতিক উপায়ে কিলা বাড়াইতে পারি ? মোটা অওার ঔষধ খাইলে অইতে পারে কিডনি তে সমস্যা অয় , , ই ছাড়া কিতা ঔষধ খাইতে পারি , , ? প্লিজ এই ১৪ - ১৫ কেজি ওজন বাড়ানির টিপস দেন নি ?"
14893,"আসসালামু আলাইকুম । আমি আর আমার ছোট বইন । বয়স যথাক্রমে বাইশ আর বিশ বছর । সামান্য পরিমাণ মরিচ কচলাইলে বা মশলা বাটিলে আমরাইনর হাত প্রচুর পরিমানে জ্বলয় , প্রায় দুই থাকি পাঁচ ঘন্টা । কিতা কারণে জ্বলয় আর ইতার থাকি মুক্তির উপায় কিতা ? দয়া করি কইবা প্লিজ ।"
7439,আমার একখান সমাই অগা জ্বর আইসিল। জ্বরের মেডিসিন খাওয়ার বাদে জ্বর ভালা অই গেসিল। তিন দিন বাদে। মাইনাস স্টক অইছে। এক চউখ ছুট। আরেক চউখ বড়। কথা কইতে কষ্ট অয়। চাইয়া থাক্তেও কষ্ট অয়। মেডিসিন বিশেষজ্ঞ ডাক্তাররে দেখাইছি। তেউ ঔষুধ লেখছইন। কটান ২০। এহন আমার কিতা করনীয় কুনু ডাক্তাররে দেখাইতে অইব।
19838,"আমার অনেক দিন ধরি গেছর সমস্যা। টয়লেট ক্লিয়ার অয় না, দশ/পনেরো মিনিট টয়লেটো বইয়া রইতে অয়, এরবাদে ক্লিয়ার অয় না। মাঝে মাঝে ডেকুর আয়ে, কিতা ডেকুর বাড়াইতে চায়, খুব বে-আরাম লাগে। মাঝে মাঝে বুকো বেথা অয়, কুনু সময় কোমরর ফিশন দিকে। ফেইটো প্রায়ই ভুতভুত আওয়াজ অয়, নিজর দিকো হাওয়া গেলে ভালা লাগে। মাঝে মাঝে রেব ২০ ট্যাবলেট খাই, কিতা কুনু কাম অয় না। খুব অসহনীয় অবস্থায় আছি। আফনার ভালা পরামর্শ কামনা খরি।"
11563,আমার জিবে ছুটো ছুটো গোটা গলা তক ছড়াই গেছে। আমার হাই ব্লাড প্রেসার আছে। আমার রগে কোলেস্টর আছে। আমার একবার হালকা স্টোক অইছিল। আমার হার্টর রোগোর সমেস্যা আছে। আমার ডায়বেটিসর সমেস্যা নাই। আমার হাঁটা চলায় কোনো সমেস্যা নাই। আমার শরীল দুর্বল।
24082,"আমার ৮তারিখে পিরিয়ড অইছে ৪ দিন বাদে মিলামিশা অইছে, তার বাদে পিল খাওয়া অইছে, কিতা কালকা হটাৎ বমি খরছি, আর কিতা রাইত সামান্য পিরিয়ড অইছে, আমার আবার গ্যাস্টিকের সমস্যা আছে, অখন কিতা আমার বাচ্চা কনসেপ্ট অওয়ার কুনু সম্ভাবনা আছে নি? কিতা পানি তো বারো ফালাইছে, কুনু কিছু খাইলে নাকো গন্ধ করে, সামান্য কইন প্লিজ কিতা সমস্যা? শরীলটা দূর্বল লাগে।"
15164,"ডাক্তার ভাই; আমার ছুরি, বয়স - সাড়ে চাইর বছর। গেছ ০৭.০৬.২০খ্রিঃ তারিখ বৃষ্টিতে ভিজিয়া ও দুপুরে গুছল খরার বাদে তার ঠান্ডা লাগি যায়। অখন তার ১। আওয়াজ অন্যরকম অইয়া আছে, ২। কিয়াজ্জু পর পর কাঁশি অয় (কাঁশির আওয়াজ! গলা ভাঙার লাখান, কফ যায় না)। নাক দিয়া পানি, উল্লেখ্য খরার লাখান যাইরা না। জ্বরও নাই। অখন ডাক্তার দেখাইত পারছি না। প্লিজ একটো ভালা ফরামর্শ দেন, কিতা খরিত পারি।"
23926,"সাংঘাতিক ঠান্ডা লাগছে ৷ ফেক্স ১২০ খাইছি কাল রাইত একটা, নাপা এক্সট্রা খাইরাম ৷ তাইতো যেন কাজ অর না ৷ নাক বন্ধ অইয়া আছে এখনো, কাঁশি দিলেই নাক মুখ দিয়া অল্প অল্প পাকা সর্দি বাইর অর ৷ শরীল খুব অশান্তি আর জর জর ভাব যাইতরা না ৷ মুখ তিতা অইয়া আছে ৷"
15918,দুই বছর দুই মাস বয়স আমার ফুয়া ছয়দিন ধরি জ্বর। এইচ সিরাপ দিরাম। কাল থাকি এরিথ্রোমাইসিন শুরু করি রাইত ১০৪ জ্বর উঠে যেতা এতদিন ১০২ . ৩ উঠছিল। তার জ্বর আইলে মাথার দিকখান গরম অইলেও হাত পা ঠান্ডা অইয়া যায় আর উঠলে হাত পা গরম অয়। অখন নাপা খাইলে তিন ঘন্টা জ্বর কমতে থাহে ৯৮ অইয়া আবার উঠতে থাহে। অল্পতে ই ১০৪ অইয়া যায়। প্রথম দিকো মাথা ব্যথা কয় অখন পা ব্যথা কয়। পা ব্যথা যেলা করি কয় আর ইতা এমনে হালকা আতোঁন ছোয়া লাগলে কয়।
20039,"বাচ্চার বঁয়স ১৫ মাস, তার হাগতে খুব কষ্ট অয়। বার বার হাগার কথা খয়, কিতা ফটুত বইয়ালে হাগে না, আর যখুন হাগে খুব চাপ দিয়া হাগে। কিতা হাগার ধরন অয় স্বাভাবিক নরম, প্রতিদিন হাগে। বাচ্চা মায়র দুধ, সবজি খিচুড়ি, আর নরমাল খাবার খায়।"
23046,"আমার বিবির বয়স ৩০, তার দুই পাওর বুড়া আঙুলর নখর দুই কোণাত মাঝে মাজে খুব দুর্গন্ধ অয় (ময়লা দেখা যায় না)। নখর কোণাত হালকা বেতাও অয়। নখ পরিষ্কার করার সময় নখর নিচ থাকি সাদা ময়লা বাঢ়ে। নখর কোণার কিনার সাদা অইয়া উঠে আর ঔ সাদা অংশ মেটালিক কিচুঁ দিয়া ঘষা দিলে মরা নখর লাহান টুকা টুকা অইয়া ভাঙি যায়। ইতার সমাধান কিতা?"
13626,"আমার সারা শরীল কাপে সবসময়। আমি আফনারার কাছে সমস্যার কথা জানাইছিলাম কিতা কুনু উওর পাইছি না তাই আবার জানাইরাম। বেশ কিতা দিন থাকি আমার সারা শরীল কাপে। ছয়-সাত বছর আগে একবার ডাক্তার দেখাইছিলাম। ডাক্তার আমারে পেরনজিট খাইতো কইছিল, আমি খাইছিলাম। আর আমার পেশার ১১০ / ৮০, সুগার ৫.৬। দয়া করি কইবা আমি কিতা ওষুধ খাইমু।"
23806,"অ দিন জিগাইছিলাম আমার জ্বর লইয়া। বয়স তেইশ। গত দুইদিন আমার আর জ্বর আইছে না। কিন্তুন বহুত গলা বেতা আছে। যিটা আমার জ্বরের সময় আছিল না। থুঁতরির তলে গলার বায়ো পাশে। ডোক গিলতা মুশকিল অইয়া ফরছে। এমনকি গলার উফর দিয়া হাত দিলেও বেতা খরর। ঠান্ডায় নাক আর কান মেচমেচ খরর, চা / বাফ লইলে ঠিক অইয়া যায়। গলার বেতাটা ডাইন ফাশেও ছড়ায়ার আস্তা আস্তা। গরম ফানি / আদা / রসুন খাইছি গত কাইল থাকি। আমার ফেক্সো - ১২০ অষুধ চলর।"
18868,"কানর ভিতরে আলকা ঘা অইছে, বিথা নাই কুনু, কানাত ফানিও ঢুকছে না। মাযে মাযে এমনেই বালা অইয়া যায় কুনু আবার অয়, কানর একদম ভিতরে না, আলকা ভিতরে। আতর আংগুল দিলে সাদা চামড়ার লাখান উটি আহে আর চামড়া উটলে হিকান থাকি ফানি বাইর অয়। অখন আমার খরনীয় কিতা... অগ্রিম ধন্যবাদ।"
15579,আমার বহুত বছর ধরি ডাইন ফাওর আঠুর্ সামান্য উপরে ডাইন পাশে প্রায় এক ইঞ্ছি সার্কেলর ভিতরর জাগাটা সেন্স সামান্য কম মনে অয়। ইতা বাদেও মাঝে মাঝে জ্বালাপোড়া আর ঝিম ঝিম খরে। কিতা খরমু? আমার হক্কল ডায়াগনস্টিক হিস্ট্রি আফনাবোর এ্যাপসও লিপিবদ্ধ আছে। পরামর্শর লাগি রইছি।
12737,"আসসালামু আলাইকুম। আমার আব্বার বয়স ৪৯ বছর। উনার ৩ দিন থাকি জ্বর। পয়লা দিন জ্বর ১০৩ আছিল। এরপর ১০২, ১০০ অয়। ২ দিন বাদে আইজ সকালে গা'র তাপমাত্রা ৮০ আছিল। কিন্তু অখন আবর ১০০। জ্বর বাড়ের আর কমে আর নাক দিয়া পানি পরে। চোখ লাল লাল অইছে। ঔষধ খাইরা কিন্তু গা'র কুনু উন্নতি অইরায় না। আব্বার গা অনেক দূর্বল অইয়া গেছে। অখন কিতা করমু?"
11226,"আমার ওয়াইফ এর ২য় বার সিজার অপারেশন করাইছি। কিন্ত হঠাৎ সিজার অপারেশন করার ১৭ দিন বাদে বাদে খুব বেশি ব্লাডিং অয়। এরফর তারে খুলনা ২৫০ বেড হসপিটালে এডমিড করাইছি আর ৪ ব্যাগ ব্লাড দিছি। এরফর তাইন ২৫ দিন ভালা। হঠাৎ করি আজ থাকি তার আবার ব্লাডিং কম কম অইরায়, এর কারণ কিতা?"
12116,"স্যার আমার বয়স ৩০, আমার দুই/এক দিন থাকি মনে অইরাইসে আমার জিবাটা কিতা জানি মোটা অইয়া গেসে আর পুড়ি গেলে যেমন অনুভব অয় ঠিক তেমুনটা-ই মনে অইরাইসে, আজব আর অস্বস্তিকর, কুনতু গরম কুনু কিতা খাইসিনা, উল্লেখ্য আমার ডায়বেটিস আছে। ইফতার করার বাদে এত বেশি দূর্বল লাগের আর হার্টবিট অস্বাভাবিক ভাবে বাড়িয়া যায়, আর সারাদিন প্রচুর দূর্বল লাগের।"
7029,"আঁর বয়ছ ৪০ বছর। কিতাছিন দিন থাকি আঁই ফানি একটু কম খাইরুম তো পেশাব কিছটা লাল অয় আর জ্বালাফোড়া করে। তয়, বহুত ফানি পান খরলে সমস্যা অয় না। আঁর ডায়াবেটিকস আর ব্লাড প্রেসার বা অন্য কুনু শইলর সমস্যার নাই। মেহেরবানি করি সমাধান দিবা।"
17151,"২০১৪ সালো ডাঃবাছেদ , সহ সার্জারী রংপুর মেডিক্যাল এর মাধ্যমে পাইলস অপারেশন খরছি । কিন্তু ২০১৭ সাল থাকি আবার পাইলস এর সমস্যাত ভুগরাম। ইটা ২ - ৩ মাস পরপর ২ - ৪ দিন ব্লেডিং অয় তবে তেমন কুনু বেথা অনুভব অয় না , পায়ু দারো কুনু বাড়ন্ত মাংস পিন্ড নাই । টয়লেট এর চাপ আইলে চাপ আঠকাইয়া রাখা যায় না , পায়খানা নরম ও সাভাবিক অইলেও ক্লিয়ার অয় না । মনে অয় পায়ু দার চিকন অইয়া গেছে । মূলত মাংস বেশি খাইলে এই সমস্যা বেশি অইরায় । আশু পরামর্শ চাই । ধন্যবাদ"
7299,"আমার আম্মু হার্টের রু্গী, তাইন আইজ হঠাৎ করি বেমারী অইয়া পড়ছে। কাল থাকি আইজ রাইত দশটা পর্যন্ত তার প্রেসার লো আছিল। হঠাৎ করি তার প্রেসার হাই অইয়া গেছে। আর তার বুকে বেথা করে। একটু পরপর ঘুম থাকি বুকের বেথাৎ লাফাইয়া উঠের। এর লাগি আমরা কিতা করাত পারি?"
5132,"আসসালামু আলাইকুম। আমার বয়স ৩০ আমি ঘরিণী। আইজ রাইতে হঠাৎ করি আমার ফোটাত ফুলি ঢেকুর উডে আর সকাল বেলা হালকা ভাবে ফোটাত ব্যাথা করে। একটো বাদ বমি অয়। শরীল একটো দুর্বল লাগর। এমন সময় কিতা খরতাম ফারি? পরামর্শ দিলে উপকার অইবো, লগে কিতাউ ওষধ লেখি দিলে উপকৃত অইমু।"
23976,"আমার স্মৃতিশক্তি খুব দূর্বল। এরলাগি অখল লেহাপড়া খরয়াও রেজাল্ট খারাপ অয়। ধরি লিবার পারইন আমি ক্লাসর সব থাকি বেশি মেহনতী ছাত্র, আমি পড়ালেহার পিছে যতো টাইম বিয়ায় করি তার থাকি বেশি টাইম বিয়ায় করা কারো পক্ষে অয়তো সম্ভব নায়। এরবাদেও ক্লাসর সব থাকি খারাপ রেজাল্ট আমারোই অয়, পড়া মনে রাখাত না পারার লাগি। সব পরীক্ষাত আমর সব কমন পরে কিন্দু পরীক্ষা দিতো গিয়া কান্দা আহে, কুনু কিচ্ছু মনে পড়ে না। এ ব্যাপারে কিতা করাতর?"
14441,আমার আব্বুর হারনিয়া অপারেশন খরার বাদে রেস্ট ও খরছিল। ২ মাস। তারবাদি ২০ দিন রোজা খরলো তারবাদি থাকি শরীল দুর্বল আর খাওয়া দাওয়া খরিরায় না। গেলা তিন দিন ধরি ভুল বখরায় আর মনে অয় দিন দিন পাগল অইরায় এমন অবস্থায় কিতা খরা উচিত। ব্রেন স্টোক কিতা বিষয়টা ভাবিয়া দেখইন।
15498,"আইচ্ছা, নাপা বেজায় বেশি খাইলে কিতা হার্টোর কুনুবা আর কুনু প্রবলেম অইবো নি? যেমন, আমার বাপে এক্কান গা ব্যথা, ফিট ব্যথা কুনুবা এক্কান জর জর ভাব অইলেই নাপা খায়। গড়ে প্রায়ই হরদিন ২-৩টা করি নাপা খাওন পরে। ইতাতে কিতা বাদে তার কুনু সমস্যা অইবো নি??? বেশি নাপা ট্যাবলেট খাওন কিতা খারাপ নি?"
12356,"আমার বউওর ২৫ বছর বয়স। কাইল জ্বর আছিল, বেইল থাকি আর জ্বর নাই। কিন্তু রাইত থাকি সামান্য কাঁশি আছে। কাঁশির লগেও সামান্য কফ বাইর অয়। শরীলডা দূর্বল। টনসিল ও কিছটা বাড়ইছে। অখন কিতা করতাম? আমারো সামান্য জ্বর আছিল, অখন তাপ আছে ৯৮°। শরীল দূর্বল লাগের আর মাত্থাডা বেতা‌ ও বারী লাগের। আর শরীলডা মেজমেজ খরর, সামান্য বেতা আছে। নাপা এক্সটা খাইরাম।"
1827,"ছাব, আমার বাফার ফাওত ধারালো কাঁচি দিয়া কাটি গেছে। কাছর এক ডাগতার ১৯টা ছিলায় মারছে আর প্লাস্টারও খরছে। বাদে ১৬ দিন বাদে ছিলায় খুলি দিছে। ঘা-র জাগা উপরে শুকাই গেছে কিতা সমস্যা অইলো, ফাও অস্বাভাবিক ভাবে ফুলিয়া গেছে। বাদে ডাগতার দেখিয়া কইলো বাথর লাগি এমনটা অইছে, খাওয়ার লাগি ওষধও দিছে। কিতা কোনো ফায়দা অইরায় না। মেহেরবানি করিয়া কইবা আমরার কিতা করা উচিত?? আর সমস্যাটা কিতা?"
21039,আমার জ্বর অইছিল আমি এহন এক্কান ভালা আছি। কিন্তু আমি সারাদিন বউত খানা খাইরাম আইজ দুই দিন বউত খানা খাইছি। কিন্তু খানা খাওয়ার বাদে ফেইটর ভিত্তর কিলাউকা ব্যাথা লাগে ৪০ - ৪৫ মিনিট বাদে আবার বউত খুদা লাগে আবার খাই কিন্তু ৩ দিন বাথরুম অয় না সমাধান প্লিজ ? ?
24141,"আমর বয়স ৩৫। সারাদিন প্যান্ট পিন্দিয়া থাই। দিনশেষঅ প্যান্ট খুলতেই কুচকির দুই কিনারে বউত চুলকায় আর রাত্রেও চুলকায়, প্রায় এক মাস থাকি বেশি অইছে। ফয়লা কিচ্ছু দেখা গেছে না। এহন চুলকানির ফর মাজে মাজে মনে অয় চাক চাক ছুটু ছুটু দাউদর লাখান। তার ফর বিলিন অইয়া যায়। আমি ৫ দিন রুপিন ট্যাবলেট খাইছিলাম কিন্তু কুনু কাম অইছে না। সহিহ ব্যাবস্থাপত্র দিলে উপকৃত অইমু। ধন্যবাদ।"
7563,"আমর ফুরির বয়স ২ বছর। হি সবসময় পেশাব করার লাগি কৈত "" আম্মু পেশাব খরম ""। কিতা গতকাল ( ০২ . ০৫ . ২০২০ ) পেশাব করার সময় বেথার কতা খয় আর ইবা থাকি পেশাবের কতা খয়রা না, কিতা বোত খানি পর আফনা - আফনি পেশাব বার অইরায়। সারারাত বিছানাত পেশাব না খরিও সকাল বেলা পেশাবের কতা খয়রা না আর পেশাব খরতে ছাইরা না। আমর মনে অয় হি পেশাব খরতে ডরাইরায়। আলকা গরমপানি দেওয়াত পেশাব খররা। এথন আমি কিতা খরম?"
16218,আমার হাই প্রেসার। আঁই বহুত দিন আগো দূর্বলতার খারণে রক্তর স্যালাইন লইসলাম। তাত্তেখুন থাকি আমার প্রেসার। আঁই এক ডাক্টরর পরামর্শ লইয়া ডিলিটা ঔষধ খাইরাম। কিন্তু আমার প্রেসার কন্ট্রোল অইরহেনা। আঁই অখন আর কিতা করাত পারি?
23930,"স্যার / ম্যাডাম , আসালামুয়ালাকুম . . আমার ফুয়ার বয়স ৩ বছর ২ মাস । অইতা ওজন ১২ কেজি ২০০গ্রাম হাল্কা ফাতলা গড়ন এর শরীর । সবসময় দুষ্টামি আর দৌড়াদৌড়ি খরে । কিচ্ছু খাইতে চায়না , এইতা খানা খাওয়াইতে গেলেই জোর খরতে অয় ১ - ২ ঘন্টা লাগের খানা খাওয়াইতে । আর খানা খাওয়াইতে গেলেই খালি ওয়াক দেয় , আর মাঝে মাঝে বমি করিলায় । এমুন অবস্থায় কিতা খরতে পারি যদি একটু ফরামর্শ দিতেন তে খুবই উপকৃত অইতাম ।"
23432,"আসসালামু আলাইকুম।
আঁ'র বউ প্রেগনেন্ট, এহন প্রায় নয় মাস চলির।
আর তার পুষ্টির অভাব আছে, লো প্রেসার আর শরীলে রক্তের পরিমাণ কম।
এ লাগি আপনেগর থাকি কিছু পরামর্শ দিলে খুবই উপকৃত অইমু।
আর কুন কুন মেডিসিন খাওয়াইমু? প্লিজ।"
23742,"আমার গেলা এক মাস আগেউ জ্বর আইছিল। তহন খুব বেশি গলা ব্যাথা আর জ্বর আছিল। এক মাস বাদে আবার বিছটিতো ভিজার কারণে জ্বর আইছে আর তিনদিন বাদে জ্বর ছাড়াই গেছৈ। অখন আমি খুব বেশি দুর্বলতা অনুভব খররাম। বেশি সময় উবাইয়া রাইতে পাররাম না, বেশি সময় কাম খরতে পাররাম না, শরীল বেজায় দুর্বল লাগের। ইতা হালতো আমি কিতা খরম? কোভিড টেষ্ট করাইছিলাম, নেগেটিভ আইছে।"
20865,স‍্যার আমার বয়স ৩৬ আমার মাঝে মাঝে খাছ করি দিনের বেলা যে কুনু সময়ে ঘুমাইতে গেলে ঘুম আইবার আইবার ভাব বা ঘুমের শুরুতো ১ থাকি ২ মিনিটের ভিতরে অটোমেটিক। মাথাত একতা ঝাকুনি দিয়া কিতা অরম ঘুমটা ভাঙ্গি যার ইটা বরাবরে আমার ই লক্ষনটা দেখা দির ই ঝাকুনির লক্ষনটা মনে করি বাদে ঘুমাইবার বেঘাত ঘটের। স‍্যার একটুক দয়া করি কইবা স‍্যার যে ই ঝাকুনি দিয়া ঘুম ভাঙ্গি যাওয়ার সমস‍্যার সমাধানটি।
3234,আমি অয্যত পরিমাণে পরিস্কার ফরিছন্ন থাকার চেষ্টা খরি... কিন্ত অফরাফ আমার রানর কুছকীত যৌনাঙ্গর দুইফাশে অন্ডকুশর ছারিফাশে চুলকানি... ঘা... অয়... নিয়মীয়া ডার্মোভেট / ক্লোভেট অয়েন্টমেন্ট লাইলে ভালা থাকে... আবার একটানা ২ / ৩ দিন অয়েন্টমেন্ট না লাইলে একই অবস্থাত ফিরি আহে... এইক্ষেত্ৰে আমার কিতা করাত...?
7431,"আসসালামু আলাইকুম, আমি < NAME >। আমি নয়া বিয়া করাইছি। আমার বউ'র বয়স ২৬ বছর। আমার বউ'র মাসিক অনিয়মিত অয় (প্রায় সময়'ই ১.৫ - ২.০ মাস দেরী অয়)। তয় মাসিক শুরু অইলে ৩-৫ দিনের ভিতরেই ভালা অয়। মাসিক নিয়মিত করাত কিতা করা লাগবো? ধন্যবাদ।"
20443,আসসালামু আলাইকুম স্যার আমার বয়স ৩০ আমি কাম করাতো গিয়া ছিঁড়ি থাকি পড়িয়া গেছলাম আর আমার আডুর মইধ্যে বড্ডা বিথা পাই। আইজকা প্রায় ১৬ দিন অইয়া গেলো। আমি যদি কুনু সময় বইয়া থাকি তখোন আমার বড্ডা বিথা করে। রাইত অইলে বড্ডা বেশি একটু বিথা করে। বিয়াল থাকি একটু বেশি বিথা করে। আর যখোন আটি তখোন একটু বিথা কম করে। আর যখোন বইয়া থাকি তখোনই আমার বিথা করে।
20810,আমার মার জরায়ু অপারেশন অয় গেলা মাশর ১ তারিখো। অপারেশনার বাদে থাকি পায়খানা অয়না। পইলা ডোজ দিয়া পায়খানা করা অইতো। ডোজ দিলেও একটো পায়খানা অইতো। বাদে ঔষধ খাইছে। কুনু কাম অয় নাই। একটো পায়খানা অইতো। অইলে বহুত খারাপ লাগতো। পায়খানার নলিতো আটিয়া থাকতো। অইলে অইতোনা আর কুনু বেগ অইতোনা। বাদে গেষ্টোলিভার ডাক্তার দেখাইলাম। টেষ্ট দিল। কইলো থাইরয়েডের সমস্যা। সবকিছুর ঔষধ দিল। বাদে ঢাকাতো আবার দেখাইলাম ঔষধ দিল। অইলে বালা অয়না এথনও। একবারর পায়খানা ৪ বারো অয়। আর নলিতো আটিয়া থাকে আর বেথা খরে। এথন কিতা খরমু। ইটা ওটিতো কুনু সমস্যার লাগি অইছে।
15686,আমার বয়স ২২। আমার পিরিয়ড ই মাশর ৭তারিখ থাকি শুরু অইছে অখনও চলির। ফ্লো হেভি। আমার সবসময় খিয়া আর দূর্বল লাগের। আগোও আমার ২বার এমুন অইছে পিরিয়ড এক মাশরও বেশি সময় ধরি আছিল। আবার মাজে মাজে পিরিয়ড টানা ২মাস অয়ও না। ই ধরণর অনিয়মিত পিরিয়ড কিলা ঠিক খরতাম?
11614,আমার বাউ কান খুব বাথা খরির। বাউ কাতে অইয়া ঘুমাইতে পাররাম না। আবার কানের বিতরে সামান্য শব্দ অইরহ। মনে অয় আমার কানে ফানি ডুকছে। এহন এই বাথা থাকি কিকরে মুক্তি ফাইতে ফারি? আফনে কিতা এই বেফারে আমারে কিছু টিপস দিতা ফারবা??
20033,"আমার বয়স ৩২। বাজে বাজে শরীর দুর্বল লাগের, অখন মন খারাপ লাগের। ইলা অইলে আমি ভিটামিন জাতীয় কিছু ঔষধ খাইতে চাইরাম, যেমনঃ ভিটামিন - সি ( সিভিট ) , ভিটামিন - ডি ( ভিটা ডি৩ - ২০০০ ) , ভিটামিন - ই ( ই ক্যাপ - ৪০০ ) , জিংক - ২০ ১৪ দিন খাইতে চাইরাম। খাওয়া ঠিক অইব নি? বা খাওয়া গেলে কোন সময় কোন সময় খাইতে অইব? বা এর লগে কোন ঔষধ এড করা লাগব নি?"
21270,আসসালামু আলাইকুম। তকরিবন ২ - ৩ বছর আগে আমি নিম গাছর ডাল দিয়া দাঁত মাজার সময় ডালর একখান কণা আমার দাঁতর মারিত ডুকছিল। তারেপর আমি হিটারে পাত্তা দিছি না। তারেপর মারিত ঘা অইয়া হুন থাকি পুঁইজ বাইর অয়। ইলাখান চলে একটানা এক বছর। বড় আফছোসোর বিষয় তখুনও আমি ইটারে পাত্তা দিছি না। তারেপর হেই ঘা দাঁতর গোড়ায় চলি যায়। ডাক্তারর কাছো গিয়া দাঁতটাই তুলি নিছি। এখন কতা অইলো ঘা টা আর নাই কিন্তুক আমার হেই জায়গাত এখুনও অনেক জ্বালা করে। এখুন আমি কিতা খরত পারি।
4004,"আমি একজন ফুয়া। বয়স ২১। কুনু কাম করতে গেলে আমার আথ কাপের, বা কাম না করলে ও আথ যুন উপরে আনলে (চক্ষুর সামনে) দেহি হালকা কাপের। কুনু সেনসিটিভ কাম করতে গেলে আথ কাপের, হার্টবিট বাড়ি যায়। এ থাকি পরিত্রাণ পাওয়ার উপায় কিতা? কুন কুন কাম করলে কিতা ধরনর প্রবলেম আর অইতোনা?"
7178,"আমার মাথাত খুশকি সমস্যাটা ২/৩ বছর থাকি কিছু বেশি অয়। মাথার উফরের দিক থাকি খাছ করি চুল বেশি পড়ে। অখন মাথা নাড়া খরছি, এরলাগি স্কিনোত দেখাত পাইরাম কিতা কিতা জাগাত ধলা ধলা দেখাত অয় আর হাত দিয়া ঘষলে চামড়া থাকি খুশকির লাখান হাতোত আহে।"
6077,আমার ডায়াবেটিস ধরছে ৪ / ৫ মাস অইছে ১মাস ঔষধ খাওয়ার বাদে নিয়ন্ত্রনে আইছিল বাদে আরও ১ মাসের লাখান ঔষধ খাইছি। বাদে আর খাইছি না। অখন করোনা ভাইরাসের কারণে চেক করাতো হসপিটালে যাইরাম না। তাই বর্তমান অবস্থা বুঝাতো পাররাম না। ব্লাড সুগার নিয়ন্ত্রনে আওয়ার বাদে আবার বাড়িয়া গেলে কুনু লক্ষণ প্রকাশ পায় কিতা যেখান থাকি আমরা বুঝাতো পারি যে ডায়াবেটিস আবার অনিয়ন্ত্রিত অইয়া গেছে।
6026,"কিতাছিন থিক্কা ঘন ঘন পেচ্ছাব অইরায় রোজ প্রায় ১০ \ ১২ বার। গত বছর ই সমছার লাগি ডাক্তার দেখাইছিলাম, তখনে ডাক্তার বেটমিরা ২৫ এমজি আর মাল্টিভিটামিন প্রেসক্রাইব করছিল। ঘন ঘন পেচ্ছাবের বেগ কমছিল। অইলে গত দুই অফতা থিক্কা সমছাটা আবার শুরু অইছে। আগের ওষুদ খাইরাম কিয়া কুনু ফল পাইরাম না। ডাক্তারো দেখাইতে পাররাম না।"
1299,"আমার বাইত খারার বাদে জালা-ফুড়া অয়। বাইতর রাস্তাত কিতাঞ্জি টের পাইরাম। বুঝরাম পাইলস সমস্যা অইছে। ইতার জলদি সমাধান কিতা? জালা-ফুড়া বন্ধ খরতে আর পাইলস সমস্যার সমাধান চাইরাম। মেহেরবানি খরি অউষধ কাইনর প্রেসক্রিপশন দিলে ভালা অইতনি? অবশ্য, এবোলাক খাওয়াত বাইত নরম অইরায় স্যার।"
13975,"ঈদের দিন থাকি হাল্কা জ্বর বাদে তিব্র। লগতে পাতলা পায়খানা। ফয়লা দিন খালি নাপা এক্সট্রা আর ফিলমেট খাইছি কিন্তু কমছে না। পরের দিন থাকি নাপা এক্সটেন্ড, সিপ্রোছিন আর এমোডিস খাইছি। জ্বর কমছে কিন্তু পায়খানা কমছে না। অখন মেট্রিল খাইরাম। পায়খানা একটু কমতে আছে। ইলা অবস্থাত আমার কিতা করাতর? আমি কতদিন ঔষধ কন্টিনিউ করমু যেহেতু এন্টিবায়োটিক আছে? প্লিজ জানাইবা?"
21396,"আসসালামু আলাইকুম , আমার সমস্যা অয় বিশেষ করি শীতকালত বিয়ান বেলা ঘুম থাকি উটলে বা ফজরর নামাজর ওয়াক্তে উটলে অঠাৎ করি ছর্দি শুরু অইয়া যায় । নাকদি খালি ছর্দি বাইর অইতে থাকে মাঝে মাঝে হাচ্চি অয় । যেতা বহু দিন থাকি আমার সমস্যা আছে । ইতা থাকি বাঁচনোর উপায় কিতা ।"
18849,"মহাশয়, আমার বয়স ৪৭, গেলা কিতা দিন ধরি আমার পেশাবের সমস্যা অইরা। পেশাবর চাপ টের পাই কিন্তু পেশাব ক্লিয়ার অয় না। ফ‌লে বার বার পেশা‌বে যাইত অয়। খাস ক‌রি রা‌তে পেশা‌বর চা‌পে ৬ / ৭ বার ঘুম থাকি উ‌ঠিয়া অল্প অল্প ক‌রিয়া পেশাব কর‌তে অয়। ই সমস‌্যার সমাধা‌নর লাগি ম‌হোদ‌য়ের পরামর্শ চাইরাম। ধন‌্যবাদ।"
15932,"আমার রানর একখানাত হুরু দাদর লাখান দুইটা সার্কেল অইছে, মাঝে মাঝে খুব চুলখায় আর ভিজা অয়। কুনু মলম বা অয়েন্টমেন্ট ইউজ করতাম পারমু নি? লগে কুনু দাওয়াই খাইতো লাগবো নি? বিঃদ্রঃ আমি ই করোনার মধ্যে কুনু ডাক্তারর কাছাত যাইতাম চাইরাম না, আফনারা যেই দাওয়াই সাজেস্ট করবা অইডাই ইউজ করমু, যার দায়ভার আমারই থাকব।"
17756,"আসসালামু আলাইকুম , আমরার বেবির বয়স এক বসর অইছে। কাইল থাকি তার আতো আর পাইয়ো দুই একটা ফোস্কা পড়রার লাখান দেখা গেসলো। আইজ সখালউ ঘুম থাকি উটার বাদে দেখি প্রায় সারা গাওোত ছুটো ছুটো ফোঁটর লাখান লাল দাগ অই গেসে। যেতা অই খোস্কা অওয়ার আগে অইসলো। অখন কিতা উপায় প্লিজ জানাইবাউকা।"
11956,আমার মায়ের বয়স ৩৮ বছর। তিন/চার দিন ধরি প্রচুর মাথার বিথা আর শরিলের বিথা। হালকা জ্বরও আছে (৯৯°)। হরদিন নাপা খাইরাইন। তউ কিচ্ছু অইরা না। খালি ঘাম অইরা। পাঁচ মিনিট রান্নাত বা ফ্যানর তলেও ঘামি যাইরাইন। করনীয় কিতা??
1403,"গত তিন দিন থাকি আমার মার জ্বর, এ জ্বরটা রাইতও বেশি অয়, দিনও জ্বরটা বুজা যায়না, কিতা ভিতরে ভিতরে অনুভব খরতে পারে। রাইতও জ্বর আইলে জ্বরের মাত্রা ১০১ + অইয়া থাখে। আমার মার বয়স আনুমানিক ৪০ + আর হে জ্বরের লগে, হাত-পাএর গিরা বেথা খরে আর জিম জিম খরে। এ খেত্রোও কিতা খরব?"
24509,"আসসালামু আলাইকুম , সোহানা ( ৫ ) , উমর ৫ মাস ১০ দিন । একতা বিষয়ো জানার লাগি আফনার কাছে জানতে চাই , বাবু'র আসলিল এহন মায়র দুধো কুলায় না , আমি কিতা বাইরর খানা দিতাম ফারি , বাবু'র উমর পাঁচ মাস দশ দিন । আর বাইরর খানা কইলে কিতা দিতাম ফারি , বা দেওয়া ঠিক অইবো নি বাইরর খানা । খানির লাগি বউত কান্নাকাটি খরে বাবু ।"
21326,আমার কাজিনর (মাইয়ার) গলায় বাম অশে কুনু কুনু জাগাত গুটি গুটি অইয়া ফুলা আছে (টিউমার টাইপ)। ফয়লায় হেইতা অলাত ছোট আছিল অইলে এহন হেইতা কিঞ্চিৎ বড় অইয়া গেসে। ধরলে বিথা লাগে। মাঝে মাঝে কিঞ্চিৎ ফুইলা উঠে তকন বিথা বাইড়া যায়। ইতা কিতা অইতে পারে? ফরামর্শ চাই।
25663,আসসালামু আলাইকুম। আমার পুয়ার বয়স ৪ বছর ওজন ১৪.৫ কেজি। সাকাল থাকি কিছু সময় ফর ফর ফেইটোত বিথা অইরায় আর কয়বার বমি অইছে। সাকালে একবার টয়লেট অইছে অইলে টয়লেট ঠিক আছিল। এহন কিছু খাইতে চাইরায় না বমি বমি লাগের। কিতা করন?
14811,"আমার বয়স তেইশ, আমার গত তিন দিন বারি ধরনর জ্বর আছিল। বউত পানি, স্যালাইন, ডাবের পানি, লেবুর শরবত, কাইচ্চা আম খাইছি, যেতা এহনও চলির, লগে প্যারাসিটামল। এহন জ্বর নাই, তয় মাতা বারি অইয়া থাকে। কুনু কিতা খাইলেই পায়খানা করা লায়। পায়খানা পাতলাও অয়, আবার শক্তও অয়। শরীল দুর্বল, শরীলে স্বাভাবিক ভাব নাই। মাথা ব্যাথাটা সকালে অইরা এক দিন ধরি, যেতা আগে আমার কুনুদিন অয় নাই। এই অবস্থায় আমার কিতা কিতা করন লাগবো পারের, যদি কইতা, বউত কৃতজ্ঞ থাকতাম। কওয়ার কথা নাই যে, গত এক মাসে আমার মা আর বনরও একই সমস্যা আছিল।"
7554,আমার বয়স ৩৬ । পাইখানা করার সমে ফায়ুপথে ব্যাথা করে আর কয়েখ ঘন্টা অউ ব্যাথাটা থাকে। উটতে বইতে বউত কষ্ট অয়। পাইখানা করার সমে কুনু কুনু সমে ব্লাড বার অয় তই বউত কম। কয়েখ দিন থাকি ব্লাড বার অয় না। আমার পাইখানা ক্লিয়ার। এ বিষয়ে আফনারার ভালু পরামর্শ চাইরাম। ধন্যবাদ।
19956,"আমার বড় বইন করোনা পজেটিভ গিয়া ৩ দিন, গিয়া ৩ দিন তাইন যে রুমো আছলা অউ রুম থাকি আফারে আমার রুমো নিবার চাইরাম। (আমার রুমো বাথরুম সহ অন্য যে সুবিধা আছে তাইন আফার রুমোর বারি আইতে লাগতনা।) এখন আমার সোয়াল অইলো: আফা যে রুমো করোনা পজেটিভ লইয়া আছলা অউ রুমো আমি খত দিন বাদে থাকতে ফারমু? থাকার আগে কিতা কিতা সাজেশন ফলো করা উচিৎ।"
4389,"শরিরের অংশ ফুলি যায়, ঠোঁটে বেশি অয়। চুলকায় না, ভার অনুভুতি অয়। এলার্জির লাখান অনেকটা, আইজ দুফুরে ইলিশ মাছ খাইছিলাম। এহন কিতা অষুধ খাইতাম পারি? এর লাগি রক্তের কুনু পরিক্ষা করন লাগবো নি? কুনানো করলে বালা অয়? এর আগেও ইলাখান তিন-চার বার অইছিল। কিতা কিতা খাবার করমু?"
22511,"আমি সিংগাপুর প্রবাসী, গতখাইল দুপুরে খাওনোর বাদে কাম খররাম। হঠাৎ করি খারাপ লাগা শুরু অইলো, বাদে ৫ / ৬ বার বমি খরলাম। প্রায় আধা মরার লাখান অইয়া গেছি। হাসপাতালে নিয়ার বাদে, স্যালাইন, পেইন কিলার দিল, বমি ডায়রিয়া রিপোর্টো লেখা। রাইত ১১ টার দিগে ডরমিটরিৎ ফেরত, কিন্তু আইজকা হাত বিথা, আর বদহজমো ভুগরাম। আমি এহন কিতা খরম?"
12137,আমরা ওভিউলেশন ডেটর সময় বাচ্চা নিবার চেষ্টা খরছিলাম। আমার পিরিয়ড মিস অইছে আইজ দুই দিন অইলগি। আমার পিরিয়ড অইরায় না তয় পেশাবের লগে হাল্কা আঠালো পিছলা সাদা শ্লেষার লাখান বাইর অইরায়। ইটা কিতা? ইটা কিতা কুনু সমস্যা? নাকি পিরিয়ডর লক্ষন।
6194,"আমার ছোড ভাইয়ে ডাইন হাত আর ডাইন পাইয়ে বল পাইরায় না, আর অঁকতে গেলে পাইর রগে টান অনুভুব খরে। ইরাম সমস্য ২ বছর আগোও অইছিল, তখুন ডাক্টার তারে এডভিট নামের একটা ভিটামিন সিরাপ দিছিল। এখন আবার একই সমস্যা দেখা দিরায়। এখন তারে কিতা কিতা ঔষধ খাওয়াইমু? তার বয়স ১৫ বছর।"
16852,আমার ওয়াইফ এর বয়স ৫০। ওর প্রেসার ও অস্ট আর্থাইটিস এর সমস্যা আছে। রেগুলার ঔষধ খায়। ইদানিং তার পায়ে হাটুর নিচে মাসেলো টান টান ব্যাথা বা মাসলোর উপরে মাসল উইঠ্যা খুব বেশী ব্যাথা অয় প্রায়ই ভোরে। তখন ঐ জাগাত হালকা মেসেজ খইলে ঠিক অয়। দয়া করি ই সমস্যার সমাধান জানাইবেন।
19821,আমার মার বয়স ৫০ বছর। ০৪ - ০৫ দিন থাকি ঠাণ্ডা সর্দিত পড়িয়া আছইন। শরীল দুর্বল। বুকো কফ জমা আছে। কাশি অয়। গলার কন্টসর ভাঙিয়া গেছে। মাঝে মাঝে গলা ফাঁস দিয়া আহে। মন্টিলুকাস্ট খাওয়াইরাম। উল্লেখ্য তার এলার্জি সমস্যা আছে। অখন আমি কিতা খরতে পারি?
19876,আমার ওয়ার্ক ষ্টেশনো একজন ওয়ার্কার গত ০১ জুলাই ২০২১ ইং তারিখে করোনার লক্ষ্মণ লইয়া হসপিটালাইজ অয় আর কোভিড টেষ্ট পজিটিভ আহে । বাড়া বাদে ২০ জুলাই ২০২১ ইং তারিখে টেষ্ট খরাইলে ২৮ তারিখর রিপোর্টত কোভিড নেগেটিভ আহে । এইক্ষেত্রে তাইন অখন কর্মস্থলো যোগ দিতায় কুনো সমস্যা অইবনি? মেহেরবানি করি জানাইবেন ।
23684,"সালাম নিবাইন । ফুয়ার বয়স সাড়ে চাইর মাস । ওজন সাবাবিক । গতকাল ২ / ৩ বার আর আইজ ছকাল থাকি এখন পর্যন্ত ৬ / ৭ বারর লাখান ফায়খানা খরছে । ফায়খানার রং সবুজ শ্লেষ্মাযুক্ত , গন্ধযুক্ত । অইলে ফায়খানার পরিমান কম । খাবার খালি বুকের দুধ । ফুয়া হাসিখুশি আছে ; অইলে দূর্বল মনে অইরায় । জলদি পরামর্শ চাইরাম ।"
14379,"আমার বউয়ের সিজার অইছে এক বছর আগে । ইদানিং ফিঠর মাঝখানে মেরুদন্ডর ডাইনপাশে ভালা বিথা খরর । বইয়া নুইয়া তরকারি কাটাকুটি খরলে সিজারর সেলাইর ডাইন পাশে বিথা খরর । কিসুক্ষন চিত অইয়া হুইয়া থাকলে বিথা কিসুটা কমর । হুইয়া থাকি উঠি কোনো কাম খরলে আবার বিথা শুরু অয় । ই বিথার লাগি কোনো ঔষধ খাইছে না । উল্লেখ, আমরার ৪ নম্বর ফুতু খালি সিজারে অয় । ই ক্ষেতরে কিতা ঔষধ খাইতে অইব ? সবিনয়ে আফনার পরামর্শ চাই ।"
16631,আমার বউইর পায়খানার লগে রক্ত আয়। পায়খানা করার বাদে না। পায়খানার লগেই রক্ত মিশা থাখে। তাজা রক্তই আয়। চাপ দিতে অয়। নরম করার লাগি ইশবগুলের ভুশি খাওয়াইরাম কুনু কাম অইরায় না। ১ দিন বাদ বাদ পায়খানা অয়। পায়পথ চুলখায় আর ব্যাথা করে পায়খানা করতে বইলে। কিতা খরমু আমি? প্রায় ১ মাস থাকি অইরায় এমন। কুন বিভাগের ডাক্তারর লগে কথা খইমু?
11877,"হাত পা ঝিনঝিন খরে। মেরুদন্ডোর হাড়সহ শরিলোঁর অন্নান্য অঙ্গ প্রত্যঙ্গোত অল্প অল্প বিথা। কিছুক্ষন বইয়া থাকার ফর উইঠা দাঁড়াইতো গেলে মাথার ভিত্তর হালকা ডেওর আকোরোত কম্পন সৃস্টি অইয়া বিথা খরে উইঠা, লগে কয়েক সেকেন্ডোর লাগি চারপাশ ঝাপসা মনে অয়, ফরত আবার টিক অইয়া যায়।"
22177,"আমার বউওর পেশাবর রাস্তাৎ কয়েক সপ্তাহ আগে একখান চুল আটকি গেছিল, তেখন হেয় চুলখানাত টান দেইন আর ওদিন থাকি তার পেশাবর রাস্তাৎ পেশাব করাত গেলে শিরশির খরে আর ফানি ব্যবহার খরলেও শিরশির খরে। এখন কিতালাগি এই সমস্যাখান অইছে যানতে চাই। ইছাড়াও ইটার লাগি কুনু অউষধ খাইতে লাগবো নি যানতে চাই। মানে এই সমস্যাখানর সমাধান কিতা?"
22396,আমি গতখাইল বুস্টার ডোজ ( মর্ডানা ) দিসি। গতখাইল টিকা দেওনের আগে নাপা + ফেক্সো১২০ খাইছি। টিকা দিয়া আইয়া দুফুরে নাপা খাইছি + রাইতো নাপা খাইছি। বাট গতখাইল রাইত থাকি আতো অসম্ভব বেথা আর রাইতে জ্বর আইসিল। এখনো জ্বর আছে। কিতা খরতাম পারি?
10804,"আমার বয়স ২৬ বছর আর ফয়লা প্রেগনেন্সি। গত ১৪ ই মে ২০২০ ডেলিভারি তারিখ আছিল। আজ ১৫ মে মানে একদিন বাদে গেছে। বাচ্চা অয় নায়। প্রেগনেন্সি ৭ মাস থাকাকালীন এই ডেলিভারি তারিখ পাইছি। ডাক্তারের একদম শেষ পরামর্শ নিছিলাম ফেব্রুয়ারি মাসে। ভিতরে বাচ্চার নড়াচড়া বুজা যায়। এহন পর্যন্ত কুনো বেথা নাই। করোনাভাইরাস প্রাদুর্ভাবর কারণে চেম্বার বন্ধ থাকায় ওই ডাক্তার ( গাইনোকোলজিস্ট ) র পরামর্শ নিতাম পাররাম না। স্থানীয় হাসপাতালও করোনার কারণে লকডাউন। এহন কয়দিন পর্যন্ত অপেক্ষা করতাম পারি, পরামর্শ দিলে উপকার অইবো।"
2429,"আমার ছোরির বয়স তেরো মাস। গত এক মাস থাকি ওর ঠান্ডা কোন জ্বর নাই। ঠিকমতন শ্বাস লইতে পারে না। বুকোত গড়গড় আওয়াজ অয়। নাক দিয়া সব সময় ফানি পড়ে। ডাক্তার দেখাইছি উনি ঠান্ডার কোন ঔষধ দেইন না, খালি গরম চা খাওয়াইতে কইছেন। কিন্তু লাভ অইরা না। এখন কিতা করতাম?"
11031,"স্যার, কাইল রাইত থাকি আমার ভিতর ভিতর জ্বর লাগের। থার্মাল স্ক্যানারো মাপিয়া দেখলাম ৯৮ - ৯৯। শরীল দুর্বল ও কিচ্ছুটা ব্যাথা। এলার্জীর লাখান শরীলো লাল অইয়া ফুলিয়াও গেছিল অনেক জাগাত। ইটা কিতা ধরনর জ্বর অইতে পারে? আর কিতা ওষধ খাইতে পারি?"
18665,"আমার মাথার ফিশনে গাড়াতো খুব বেথা খরের, বিসেশ করি ফিশনের বড় শিরাত বেথা খরের, বাম ফাশের টাতে । হঠাৎ বিকাইল থাকি এ বেথা । দয়া করি ফরামর্শ দিবা । আমার ফ্রেসার, ডায়বেটিস সহ কুনু দীর্ঘ মেয়াদী রোগ নাই । খালি এলার্জি আর সাইনোসাইটিস প্রব্লেম অয় মাঝে মাঝে, মাতাত এলার্জি আর চুল ফড়ে । গেস্টিকের ঔষধ খাই রেগুলার ।"
16148,আঁই বহু দিন থাকি একটা সমস্যায় ভুগরাম। আমার পায়খানার রাস্তা থাকি অল্প দূরে ফিসনর দিকে ছোট গোটার লাখান ফুলি থাকে। শক্ত টয়লেট অইলে ফাটি অল্প রক্ত ফরে। ইতার বাদে আগর লাখান অইয়া যায়। মাঝে মাঝে ব্যাথা অয়। অখন আঁই কিতা করতাম? আঁই ইতার লাগি কুনু ঔষধ খাইছি না অখনও।
11338,আমি এক্টা দুখানে চাকুরী খরি। সকাল বেলা খানা খাইয়া যাই দুফুর বেলা বাড়িত আই খানা খাইত। আবার বিকাল বেলা দুখানে যাই রাইত নটার টাইমত বাড়িত আই এরফর খানা খাই। টাইম মতো খানা খাওয়ার বাদেও আমি দিন দিন শুকাইয়া যাই। এইরম কিতা লাগি অয়র? কুনু কিতা উষুধ আছে নি যেইটা খাইলে মুটা অইতে পারমু? এইরম কুনু উষুধ আছে নি যেইটার কুনু পার্সপতিক্রিয়া অইতো না?
11387,"আমার মিছেছ'র কাশি অয়, ফয়লা অবস্থায় নাখাত সর্দি অইছিল। আমি ফারমেছি থাকি তুলছি সিরাপ আইন্যা দিছি। এখন সর্দি টা কমছে। কিন্ত কাশি টা কামের না। ই অবস্থায় কিতা করাতর আছে, দয়া করিয়া কইবা নি? আমার মিছেছ এর পলিপাস এর সমস্যা, অর নাখ টা বন্ধ অইয়া যাইরায়।"
20822,"জরায়ু অপারেশনের লাগি কিতা পায়খানা খরতে কুনু সমস্যা অয়? আমার আম্মুর অপারেশন অইছে দেড় মাস আগো, এর পর থাকি ই পায়খানার সমস্যা। ২ জন ডাক্তার দেখাইলাম, ঔষধ দিলা। কিন্তু ভাল অয় নাই। এহনও পায়খানা নালিত আটকিয়া থাকে আর ব্যাথা খরে। এহন ইটা কিতা অপারেশনের লাগি অইছে, না অন্য কুনু কিসুর লাগি?"
20752,আসসালামু আলাইকুম । আমার ফুয়া বাবুর্ বয়স সাড়ে ৬ মাস । গত তিন দিন আগে গোসল খরাউনুর সময় তার ডাইন কানে ফানি ঢুকছে । অই দিন রাইতেই বেশ কিতা ফানি হঠাৎ বাইর অইয়া যায় । আইজ তিন দিন পর্যন্ত হর দিনই কিছু না কিছু ফানি বাইর অইরহ । বেশ খানিকতা গলানি মোমর লাখান । বাবু এর লাগি মুটেও কান্দা কাটি খরেনা । তাও ডর অয় । মেহেরবানি করি যদি কুনু পরামর্শ দিতাইন । ধন্যবাদ ।
12552,"আসসালামু ওয়ালাইকুম স্যার, আমার আইজ চাইর-পাচ দিন জ্বর আছিল অখন কমি গেছেগা, লগে ঠান্ডা, মাথা, কফ আছে। মাথার উপরের দিক বহুত ব্যাথা। আমার এলার্জির সমস্যা আছে তেরো-চৌদ্দ বছর থাকি। ইতার লাগি স্প্রে ব্যবহার খররাম প্রতিদিন একবার। অখন জ্বর, ঠান্ডা, সর্দি, কফের লাগি জিমেক্স ৫০০ ফেক্স ১২০ নাপা খাইরাম, তার পরেও সর্দি কফ কমের না মাথাব্যথাও কমের না। কিতা ঔষধ খাইতে পারি। মেনথলের ভাপ নিরাম।"
20785,অখনো সখাইল ঘুম থাকি উঠি দেখি আমার সামনার দুই দাঁতের মাজখানে উপরি দিকি কিছুতা খিন জমাট বান্ধি আছে আর মাজে মাজে দাঁত ঘষা’র সময় দাঁতের গুড়ায় ব্যাথা করে। বহুত সময় দাঁতের গুড়া ফুলি খিন ও পড়ে। আমি রেগুলার দাঁত ঘষি তয় ইরম অওয়ার কারণ কিতা?
18618,আমার বয়স সতরো বছর। আমার উচ্চতা ৫ ফুট ৬.৫ ইঞ্চি আর আমার ওজন ৬৬.৭ কেজি। আমার শরীলর গঠন হিসাবে ওজন বড্ড বেশি। তাই অক্কলতা দিন থাকি ডায়েট খরতে চাইরাম। যদি একটা ডায়েট প্লান বা কুন জাতর খাবার খাইতে অইবো আর কিতা কিতা খরতে অইবো জানাইলে উপকার অয়।
6987,"আইজ বিহাল থাকি মুক তিতা লাগের। জ্বর জ্বর ভাব, কিলি জ্বর নাই। ইফতারের বাদে একটো নাপা খাইছি। চলন্ত করোনা ভাইরাসের কারণে ডর লাগের, যদিও আমার শরীলে আর কোনো সমস্যা নাই কুনুবা আশপাশো কোনো করোনা রোগীও নাই। ইটা কিতা সাধারণ সমস্যা? ডরের কুনুতা নাইতো?"
14061,আমার ফুয়ার বয়স প্রায় ৫ বছর। তার বাম কানর বিতর খৈল চামরার লগে লাগি রইছে একদম বিতরে। কানর ফুটা প্রায় বন্ধ অওয়ার লাখান। কানত সরিষার তেল দিয়া ভিজিয়া কটনবাড দিয়া বাইর করার চেষ্টা খরলে আরও বিতরে চলি যায় কিন্তু অই কানত কম হুনতে পারের। ই অবস্থায় কিতা খরতে পারি?
7779,"স্যার আমর বউ'র বয়স ত্রিশ, ওজন ৭০ কেজি, একটু খাটো, আমরার একখান ফুয়া তার বয়স আট, আমি খুব গরিব মানুষ, গত বছর বউ'র দ্বিতীয় ফুয়া ডেলিভারি অইতে গিয়া একলামশিয়া অয়, অবশ্য আগে থাকি হাই ব্লাড প্রেশার আছিল, সব সময় ডাক্তার দেখাইতো লাগের, সাত মাস আগে লাস্ট ডাক্তার দেখাইছি, টাকার অভাবে আর যাওন অয় নাই, সিটি স্কান, ইসিজি, সুগার সব নরমাল, এথন সাত মাস থাকি বিসপ্র ২ . ৫ + ডিলিটা + ডাইসারটন ২০ খাইয়া যাইরায়, প্রেশার মোটামুটি নিয়ন্ত্রণে আছে, স্যার বহু দিন ই ওষুধ গুলান খাইলে কুনো সমস্যা অইবো কিতা না, প্লিজ জানাইবা।"
15306,"রুগী অইন আমার মা। বহুত দিন ধরি ডাক্তার সাবর পরামর্শে ""আইভোলল 5"" খাইরা। কুনতু ইখন যে হালত, তাইন কুনু জাগাত খুঁজিয়া অউ অষুধ পাওয়া যার না। ডাক্তার সাবর লগেও কুনু রকমে যোগাযোগ করা সম্ভব অইরা না। ই হালতে ইটার বিকল্প কিতা সেবন করা যাইব, ইখান যদি কুনু ডাক্তার সাব যদি কইতা, বহুত উপকার অইত। জাজাকাল্লাহ খাইরান।"
23057,"আমার ওয়াইফ সারাদিন বইয়া কাম খরইন তো, বাশা থাকি যদি উইঠ্যা মাথা ঘুরাইয়া যায়, কপালখান বহুত গরম অইয়া যায়। রাইত যখন শোইয়া থাহে, ফজর বেলা ঘুম থাকি উইটতে ফারে না, মাথা ঘুরায়। হে ক্ষেত্রে কিতা করবো? খানি-দাওয়ার খাইতায় ফারের না, শরীল ছুখাইয়া যাইর। ডাক্তরে ঔষধ দিছিল কুনু ফইল ফাওন যায় না, এর লাগি আফনার থাকি পরামর্শ নিতামছি, আমারে একটো পরামর্শ দইন।"
18770,আমার বউয়ের কুনুদিন থাকি ইফতারির বাদে ফেটে বিথা অয়। সাধারণত ফেটে বিথা খরে টয়লেট অইলে যেলা বিথা অয় ঠিক তেমুন বিথার ধরণ। তবে টয়লেট অয় না। টয়লেট স্বাভাবিকই আছে। আইজ দুবার টয়লেট অইছে ফুকুরে অল্প নরম আর হন্ধ্যায় অল্প হার্ড অইছে। এহন বিথা খমাইতে কিতা খরতে ফারি? অল্প জলদি জানলে উপকার পাইতাম। ধন্যবাদ।
6145,"স‍্যার আঁর বয়স ৩০, কঁমরের তলোত্তো থাকি শুরু খরি পা'র পাতা খরি বেতা খরে ও শীরায় টান পরে আঁর গিরায় গিরায় বেতা খরে পা ছাবাই, আঁই থাইরয়েডের রুগী আছলাম, বহুত দিন থাকি ঔষধ খাওয়া ছাড়ি দিছি, বহুত দিন টেস্ট খরিনা ও ঔষধ ও খাইনা, আঁর ওয়েট বাড়ের, মাঝেমধ্যে জ্বর অয়, ঘুম কম অয়, অখন আঁর কিতা খরন লাগবো ও।"
25153,আমার মাইয়ার বয়স বিশ মাস। জ্বরের লাগি কুনু খানা খাইনাহ। প্যারাসিটামল টাইপের কুনু সিরাপ খাইতে পারে নাহ। জোর করি ঔষুধ খাওয়াই দিলে বমি খরি দেয়। জ্বরে শরীলে তাপ খাম্বা। এহন কিতা করা যায় পরামর্শ চাইরাম প্লিজ! ( মনে রাখা ভালা যে দুই/এক মাস বাদে বাদে প্রায়ই জ্বর অয় )
17614,"আসসালামু আলাইকুম, কাইল থাকি আমার দুই চোখ হঠাৎ করি একটুন লাল অয়। আইজ সকালে ঘুম থাকি উঠার বাদে দেখরাম লালের পরিমাণ বেশি। একটুন আকটুন চুলকাই। মাঝে মাঝে অল্প করি ফানি আহে। কুনু স্পেশালিষ্ট সাজেস্ট না করি একটুন পরামর্শ দিলে ভালা অইত।"
23090,আসসালামু আলাইকুম। আমি অরমেশা রোজা থাকি। আমার শরীলত এহন হালকা জন্ডিসর ভাব দেখা দিরহা। এহন আমি কিতা ওষধ খামু বা কিতা করমু একটো পরামর্শ দিবা। আমি কুনুদিন অগে আফতাখানিকর অগে রক্ত পরিক্ষা খরছি। রক্ত সব ঠিক আছ্ছে। লিভারর পরিক্ষা লিভার ঠিক আছ্ছে। কিডনির পরিক্ষা কিডনিও ঠিক আছ্ছে।
24867,"আমার মাইয়র বয়স বারো বছর। ঘুম থাকি উঠার বাদে দেখা যায় দুই চউখ লাল অই গেছে, একখান চউখ একট্টু ফুলা ফুলা মনে অয়। চউখ দিয়া ফানি পড়ে। চউখ খুউব চুলকায়। চউখ আঠালো আঠালো লাগছিল, চউখ হালকা বন্ধ অই গেছিল। কিতা করতাম ফারি দরকার পড়লে পরামর্শ দেইন।"
20595,"আমার স্বামীর কাইল থাকি বুকের বাঁও ফাসের বুকের তল থাকি পিছের পাঁজর তক খুব ব্যাথা। মন অইরায় বুকের ভিত্তর হাড্ডির ভিত্তর ব্যাথা। হেই লাগি শ্বাস লইতে, বাঁও আতোটা এক্কান নাড়াচাড়া খরতে গেলে আর এক্কান নড়াচড়া খরলেও অউত ব্যাথা লাগের আর ই ব্যাথার লাগি শ্বাস লইতেও কষ্ট অয়। বয়স - ২৬"
25953,"আসসালামু আলাইকুম । আমার বাচ্চার বয়স ২৬ দিন । হে ঠিক মতো দুধ খায়, কুনু জ্বর নাই, হঠাৎ একটো দুইটো কাশি দে। আসল সমস্যা অইছে বাচ্চার গলই গড় গড় আওয়াজ করে, ঘুমাইলে নাক ডাকের, শেষ রাইতে সমস্যা বেশি অয়, নাকো সর্দি আছে মাঝে মাঝে সর্দি বাহির অয়। এই সমস্যা বাচ্চার জনমের ৪ / ৫ দিন বাদে থাকি শুরু অইছে। এহনও আছে। ডাক্তারের পরামর্শে নাকো ড্রফ দেওয়া অইছে কিতা সমস্যা সমাধান অইছে না। চিকিৎসা আর পরামর্শ চাই।"
22173,"স্যার, আমার বয়স ৩০। কিতা দিন ধরি আমার গলর ভিতরে বাম পাশে, মনে অইরায় কুনো কিতা সুড়সুড়ি দিরায়। অনেক সময় মনে অয় গলা দিয়া বাইর অইবো, কিতা কিছু আইরায় না। খালি সুড়সুড়ি দিরায়, বড্ড বিরক্ত লাগের। আমি ২ বেলা করি ৩ দিনে ৬ টা সোলাস ট্যাবলেট খাইছি, কিতা কুনো লাভ অয় নাই। (উল্লেখ্য - আমি প্রায় ১০ বছর আগে গলাত একখান আঘাত পাইছিলাম যা, অনেক দিন বাদেও মাঝে মাঝে ব্যাথা করতো।) প্লিজ পরমর্শ দিলে কৃতজ্ঞ থাকমু।"
5347,"আমার বয়স ২০ আমার উচ্চতা ৫ . ৬ আমার ওজন ৫৪ কেজি। এখন আমার শরীল হিসাবে আমি মনে করি আমার সাস্থ্য কম। এখন সাস্থ্য বাড়াইতে অইলে বালা ভিটামিন কিতা খাওয়া যায় কুনো পার্শ প্রতিক্রিয়া ছাড়া? প্লিজ বালা একটা পরামর্শ দইন। যদি পারইন কষ্ট করিয়া আপনার নাম্বারটাও দিয়া যাইবা, আমি ফোনে কতা কইমু এই বিসয় নিয়া।"
13098,"আসসালামু আলাইকুম ডক্টর সাব, আমার পুয়ার বয়স ১৪ মাস। গতকাল রাইতত বেবিয় ৫টা লিচু খাইছে, কিন্ত সেহরির সময় বুমি করছে। বমির লগে লিচু গুলা গোটা গোটা বারইছে। সকাল আটটা থাকি তার পাতলা পায়খানা অইরা। পায়খানার লগেও লিচু বারইরা। এ পর্যন্ত ৫ বার পাতলা পায়খানা অইছে। ওরস্যালাইন জোর করি কিছু খাওয়ানি অইরা, কিন্ত জোর করি স্যালাইন খাওয়াইলে বুমি করি দিরা। এগারোটার দিকি তারে ডেইলি নাস্তা হিসাবে একটা কলা খাওয়ানো অইলো, বাট তাও হজম না অইয়া বাইরত বার অইয়া গেল। এখন কিতা করনিয় ডক্টর সাব?"
23893,"আসসালামু আলাইকুম স্যার। আমি একজন এগারো ক্লাসের ছাত্রী। বয়স: ১৭ বছর। গত তিন চাইরদিন থাকি আমি খানা খাইতে পাররাম না। খানা দেখলেই বমি ভাব অয়, খানা গিলতে পাররাম না। মাঝেমাঝেই আমার এমুন অয় শরীল দুর্বল অইয়া যায়। ডক্টর দেখানির বাদে অমিডন ১০ মিলি একটা ট্যাবলেট দিছিল ইটা খাইয়া কমছিল। স্যার দয়া করি কিছু ঔষধ সাজেস্ট খরইন। ধন্যবাদ।"
22107,"স্যার, আমি একজন মেডিকেল টেকনোলজিষ্ট (ল্যাব)। অখন ব্র্যাকে টিবি কন্ট্রোল প্রোগ্রামে কাম খররাম, গরিব আর প্রান্তিক পর্যার যক্ষা রুগীরারে লইয়া কাম করন লাগে, পেশাগত কারণে প্রায়ই রুগীর লগে একট্টু উঁচা আওয়াজে কতা কওন লাগে, এমুন আবস্থায় মাঝখানে সরকারি চাকরির লাগি লেখাপড়া আর বুন টেনশনে আছিলাম, অখন আবস্থা এমুন অইছে যে, রুগীর লগে যে ব্যবহার খরতাম হিতার লাগি সবসময় মেজাজ খিটখিটে অইয়া থাহে, ঘুম কম অইরায় আর যেটা মেজর সমস্যা, যহন ঘুমাইতে যায় মাথার ভিতরে একটা ঝাঁঝাঁ শব্দ অয়, স্যার দয়া করিয়া একট্টু পরামর্শ দিন, কিতা করা যায়।"
25793,গত দুই বছর ধরি আমি এক্তা সমস্যা ফেইস খররাম। আমার মা’থার ছালত সমস্যা মা’থা থাকি ছাল উডে খানের চাইর পাশ থাকি মুখর গোফফুর গুড়া থাকে আর নাকর চাইর পাশ থাকি বহুত ছাল উডে। আমি গত দুই বছর ধরি বহুত মেডিসিন খাইছি বহুত ক্রিম মাখছি কিত্তু কুনু রকমেই ভালা অয় নায়?
16280,আমার মাটিত অনেক দিন থাকি এই ছুট ছুট বিছি দেখা যার ( কুনু কুনু মানুষে আঁছিল কইন ) ইগুন অওয়ার কারন কিতা ইগুনরে কিতা কওয়া অয় আর ইগুন থাকি প্রতিকার পাওয়ার উপায় কিতা আর আমি কিতা ধরণর ঔষধ ব্যবহার খরতে পারি ইতার আগে কুনু ডাক্তারি পরামর্শ নেওয়া অইছে না । * আমি কিছু ছবি তুলি রাখছি যদি আফনগরে ছবি পাটার কুনু বেবস্তা থাকে কইবা ।
25228,"২/৩ বচ্ছর আগে আমার টনসিল অপারেশন করানির পর থাকিই নাক বন্ধ অওয়ার সমস্যা অইছে। তারপর কানর বিথাত যখন কানর সমস্যা অইছিল তহন ডাক্তাররে আমার নাকর সমস্যার কথা জানাইলে উনি আমারে একটা স্প্রে ব্যবহার করার পরামর্শ দেইন। কিন্তু আমি স্প্রে ব্যবহার করিও ঠিক খরতে পারিনাই। তারপর ফার্মেসি থাকি এন্ট্রাজল, রাইনোজল ড্রপ ব্যবহার খরি।"
4861,"আমার আইজ ৩ দিন অইল গলা বেথা। ১ দিন রাইতে প্রায় ১০৪ এর উফর জ্বর আইসলো। অই এক রাইতেই জ্বর আছিল। তারফর আর আইসে না। এথন ফর্জন্ত আমার কুনু ফোরকার সর্দি, কাশি, মাথাবেথা, শ্বাসকষ্ট, ফেট খারাপ কিছুনো নাই। কিত্তু গলাত ঢুক গিলতে খুব বেথা লাগছৈ আর গরম ফানি দিয়া গারগিল খরলে খুব বিজলীর লাহান উটরায়। অই সময় আমি কিতা ঔষুধ খামু?"
6277,"স্যার আসসালামুয়ালাইকুম . আমার ছোট বইনোর আইজকা ১৩ দিন অইল জ্বর. পাঁচ নম্বর দিন থাকি এন্টিবায়েটিক ও নাপা চলের. জ্বর দিনের বেলা কম থাহে, বিকেল থাকি বাড়তো থাহে. নাকর উপরে ফোস্কা অইছিল, তারফর জ্বর উঠসিল. শরীল খুব দুর্বল. অখন কিতা করাত পারি?"
10792,"আসসালামু আলাইকুম, আঁর মা'র বয়স ৩৫। কিসুদিন ধরি একটা সমস্যাত ভুগছইন। গলা'র ভিতরে আর জিবা'র নিচে সুরু সুরু গোটা অইছে লগে বেশি পরিমানে গ্যস্টিক'র সমস্যা আছে। লকডাউন'র লাগি ডাক্তার'র পরামর্শ নিবার পাররাম না। পরামর্শ'র লাগি কৃতজ্ঞ থাকমু।"
2458,কারোর যদি কোলেস্টেরল এর পরিমাণ বেশি থাকে। আর সে যদি এটরোভাস্টাটিন 40 খায়। তার বাদে তার কোলেস্টেরল কমি গেলো। বাদে সে যদি এটরোভাস্টাটিন 10 খায়। তাইলে সেটা কিতা কাম করব নি। মানে কইরাম 40 তো বেশি কাম করব কিন্তু 10 যতোটুক কাম করার কথা সেটা কিতা করব। রোগী 40 খাওয়ার লাগি কিতা 10 এর কার্যকারিতা নষ্ট অইয়া যায় নি?
21319,"আসসালামু আলাইকুম ওয়ারাহমাতুল্লাহ । আমার মাইয়া খুব বেশি এলার্জি সমস্যাত ভুগতাছে । এলার্জির দাওয়াই, এলোপ্যাথি বা হোমিওপ্যাথি খাওয়াইলে অল্প সময় বালা থাকে, বাদে আবার যন্ত্রনাত ভুগের । তার বয়স ১৪ বছর । চেহারাত সহ সারা শরীলত এলার্জি প্রবলেম । লম্বা সময়ের সমাধান পাইতে স্থায়ি খাওয়ার পরামর্শ আর ডাক্তারী সাহায্য প্রার্থনা কররাম ।"
6532,"আজকা ফজর থাকি আমার ঠান্ডা আর হাঁচি অইরায়। হাঁচি যখুন শুরু অয়, বার বার অয়। আর ঠান্ডা পানির লাখান পাতলা, এক্কু বেশি অয় যখুন হাঁচি আইরায় তখুন। ইটা ছাড়া আর কুনু সমইস্যা নাই। কিতা ঔষধ খাওন জাইতে পারে? বিঃদ্রঃ গেছো ১ মাস ধরি আমি বাড়ি থাকি বার অইছি না, বাড়ির একজন মেম্বার খালি বার অয়, তেঁনে ভালা আছইন। আর আমরার গাঁওত অখনো কুনু রোগী সাসপেক্টও অইছে না। ধন্যবাদ।"
7896,"আসসালামু আলাইকুম । আমার সর্দি সব সময় লাগি থাখে । মনে খরোইন, আইজকা ভালা, তো ২-৩ দিন ফরে আউগ্যা সর্দি আইয়ে । সর্দি বউত বেশিও নায়, আবার কমও নায় । নাক বারে বারে টানন লাগে সর্দি বাইর অওয়ার লাগি । এই অবস্থায় কিতা কর্তে ফারি . . ? জানাইলে মেহেরবান অইমু ।"
25510,"আমার ছোরির বয়স এক বছর এক মাস। গত ১৫ দিন আগে ছোট ফোলাপানর ডাক্তারর পরামর্শ অনুযায়ী এলার্জির আর ভিটামিনর কিছু ঔষধ খাওয়ানো অইছে। এরপরে কৃমির ঔষধ খাওয়ানো অইছে আজ থাকি সাত দিন আগে। আজ আবার কৃমির ঔষধ খাওয়াইবার কথা আছিল। কিন্তুক দুদিন থাকি হাতো, ফায় আর মুখো পানি পানির লাহান বিচি উটরায়। যারে হ্যান্ড ফুট মাউথ রোগ কয়। বুকর দুধ একদমই খাইতে চায় না। শরীলো হালকা জ্বরও আছে। এমুন অবস্থায় কৃমির ঔষধ খাওয়ানো যাইবনি...? আর বিচির লাগি কিতা করনীয় পরামর্শ চাইরাম।"
3503,"স্যার, আমার হার্ট‌রেট মাঝে মাঝে বাইরা ১০৯ \ ১১০ এরকুম অয়। তকন শরীল এক্টু খারাপ লা‌গে। গতকাল ই‌সি‌জি খরছি, ই‌সি‌জি দেখাইরায় ট্রা‌কিকা‌র্ডিয়া, ট্রো‌পো‌নিন পরীক্ষা খরছি, রেজাল্ট নে‌গে‌টিভ। আফনার পরামর্শ আশা খরছি।"
8228,"আমার পুরির বয়স ২০ মাস, ওজন ৯ কেজি। হেয় কুনু কিতা খাইতে চাইরায় না। ইতার সমাধান কিতা? তিন মাস আগে ফার্মেসি থাকি কৃমির দাওয়াই খাওয়ানি অইছে, কুনু বদল অয়রায় না। বুগর দুধ ছাড়া আর কুনু কিতা খাইরায় না। অখন আমার কিতা করনিয়ো আর কিতা খরলে হেয় অন্য খাবার খাইবো?"
15095,আমার দাদুর বয়স ১০০ কাছাকছি। তাইন চাইর বছর ধরি বিছানাত পড়িয়া রইছইন। কিসুদিন আগে তানরে বেড সোর মেট্রেস দেওয়া অইছে। আমার প্রশ্ন অইলো উচ্চ রক্তচাপের ক্ষেতরে বেডসোর মেট্রেস কিতা কুনু ক্ষতির কারণ অইতে পারে আর বেড সোরোর লাগি যে ক্ষত বা ঘা এর লাখান সৃষ্টি অয় এর লাগি ঔষধর নাম কইবা দয়া করি। ধন্যবাদ।
16785,গত ২/৩ মাস ধরিয়া আমার মেরুদন্ডর তলের শেষ জাগাত বৈয়া থাকাতুন হালকা বেতা পাই। বইতাকন উবা অইতায় গেলে বেশি বেতা পাই। উবা অইলে বা আঠাত থাকাতুন বেতা পাই না। কয়দিন আগো শক্ত পায়খানা অওয়াতে ২/১ বার খিয়া বাইর অইছিল। ঔষধ খাইছি। পায়ুপথর উপরি জাগাত হাড্ডির বেতার লাগি কিতা করন লাগব জানাইলে খুশি অইমু। আমার ডায়াবেটিস বা উচ্চ রক্তচাপ নাই। ধন্যবাদ।
13801,আমার বউইর গেলো ২৪ মে ২০২০ তারিখ থাকি মুখ জায়গা জায়গা খসখসে অইযায় আর চামড়া মরি যায়। আর মুখ টানটান অইযায়। বেশি মুখ টানলে জ্বালাপোড়া করে। এউ সময় কুন ডাক্তারর কাছে যাওন সম্ভব নায়। পরামর্শ আর কুন ঔষধ ব্যবহার করা যাইত পারে দয়া করি কইবা।
3261,আসসালামু আলাইকুম . . আমি নিম্ব লিখিত শারিরীক সমস্যাগুঁড়ার সম্মখিন অইরাম . . ১ ) দিনে দিনে আমার মুখের চ্যাপা ভাঙ্গি জাইরগি। আর শরীর শুকাই জাইরগি। ২ ) আমার দুই কাইলের পেশীতে খুব বেশী ব্যাথা করে। খাস করি বাম কাইলের পেশীতে বেশী ব্যাথা করে। ৩ ) ঠিক মতো ঘুমাইরার বাদেও ঘুম ঘুম ভাব থাকে। যেতার ফলে কুনু কিছু ঠিক মতো বুজতে পারি না। ৪ ) আর মুখে কিছু সংখ্যক দাগ আছে। [ বিঃ দ্রঃ আমি ধুমপান ও মাদক দ্রব্যে আসক্ত নাই। ] অখন আমি উল্লেখিত সমস্যাগুঁড়া থাকি পরিত্রাণ পাইতে চাইরাম। আমার সমস্যাগুঁড়ার জর্থার্থ সমাধান আসা খররাম।
20515,আমার বয়স ৪১ ওজন ৮৫ কেজি সমস্যাটা ৫ মাস আগে থাকি আমি পায়খানা করার শেষের দিকে মাখা মাখা রক্ত দেখা যায় মাঝে মাঝে সমস্যাটা অয় তাই আমি চেষ্টা খরি সব সময় পায়খানা নরম রাখার লাগি শাকসবজি আর ইসবগুলের ভুষি রেগুলার খাই পায়ুপথের মুখে কোনো রকম ফুলা বা বেথা অয় নাই। এমন অবস্থায় আমি কিতা খরব? এর প্রতিকার কিতা?
17760,আমার গত দুইদিন ধরি নাক দিয়া খালি পানি পড়ের। লগে সময় সময় খুব আচি অয়। হর বছরই শিৎতোর শুরুত এই রকম অয় গত খয় বছর ধরি। মাথাত বেথা নাই কিত্তে নাক দিয়া খুব বেশি পানি পড়ের। বুকুতও কুনু কাঁপ বা শ্বাষকষ্ট নাই। আমার ওজন ষাইট কেজি উছতা পাঁচ ফুট নয় ইঞ্চি। সুবুর ঘুম থাকি উঠার বাদে বেশি আচি অয় আর পানি পড়ের।
25983,আমার বাফার বয়স ৬৭ বছর। তাইন ডায়াবেটিস সহ অনান্য সমস্যায় আছন। ডাক্তার সাবর পরামর্শ মতো অষুধ খাইরা। শীতর শুরুতেই বেশি ঠান্ডা অনুভব খররা। সামনাত বহুত শীত পড়বো। এর লাগি অতিরিক্ত শীতর কারণ আর এর প্রতিকার চাইরাম। ধন্যবাদ।
5775,আমার ফুয়ার বয়স ৯ বছর। সে পায়খানা খরলে পায়খানার লগে রক্ত যায়। পায়খানা নরম। আমি তারে ৭ দিন ছোট কৃষির ঔষুধ খাওয়াইছি তারফরও অনক রক্ত যায়। মাজে মাজে পাতলা পায়খানা অইলেও লগে রক্ত যায়। প্লীজ দেশের এ-ই অবস্থায় বাচ্চারে নিয়া অসহায়ত্ব বুধ খররাম। প্লীজ
2467,"আমার কানে সুরসুর খরতো। মনো অয় কুনু ফুকা ঢুকছে। এরপরে কয়েখবার নাক-কান-গলা ডাক্তার দেখাই, তাইনরা চেকআপ করার বাদে কিচ্ছু পাইছন না। ডাক্তারের পরামর্শ অনুযায়ী ঔষুধ খাইছি আর নাকে ড্রপও দিছি কিন্তু মনো অয় গলার বা কানের (বাম) ভিতরে এখনো কুনু বস্তু ঢুকিয়া আছে। বিশেষ করি বাম গলার ভিতরে কানের সাইডে এখনো কুনু কিচ্ছু নড়াচড়া খরে আর রাইতে বা অন্য সময় কানের ভিতর ফুকা বা কুনু কিচ্ছু নড়াচড়া খরে। তয় আতোঁর আঙুল দিয়া গলার ভিতরে নাড়া দিলে আরাম পাই। এই ছাড়া কানে বা গলায় কুনু ব্যাথাও নাই। কিন্তু আমার বার বার মনো অইরাছে গলার বা কানের অন্তঃকর্ণে কুনু কিচ্ছু ঢুকছে। এই ছাড়া অখন নাকের ড্রপ রাইন্যক্স ব্যবহার খররাম, কিন্তু নাক সাফ আছে। কান কটন বাট বা অন্য কিচ্ছু পরিষ্কার খইলেও কুনু ময়লা বাইর অয় না। এর আগে হাইড্রোজেন পার অক্সাইড দিছিলাম কানে (বাম) কিন্তু অতো ময়লা বা কুনু কিচ্ছু বাইর অয় নাই। এইক্ষেত্রে এখন কিতা খরতে পারি? ধন্যবাদ"
13713,আমার নানুর বয়স ৬৫ + . . . উনার বিগত কিতা কয় মাস ধরিয়া শরিরের ভিত্তর কিতা গুটি দেখা যার . . . আতো ইতা বেশি অইরায় . . . ইতার পানি বাইর করি দিলে ফুর্তি জ্বালাপোড়া অইরায় . . . এমনিতেউ জ্বালাপোড়া অয় . . . উনার ডায়াবেটিস আছে ১০ - ১২ বছর ধরিয়া . . . ফুরতি দিন ইনসুলিন নিতে অয় . . . আর গায়ে গায়েউ হালকা জ্বর দেখা দির . . . মেহেরবানি করি কুনো ডাক্তার পরামর্শ দিবা এ সমস্যা টা কিতার লাগি অইরায় আর কিতা করনীয় . . .
14036,"আমার মার ২ ৩ দিন থাকি শ্বাস লইতে কষ্ট অইরায়, আর গোছল করাত গেলে যহন মাতাত ফানি ডালে তহন নাকি তার দম বন্ধ অইয়া আহে আর খুব ডর করে, তহন মা জলদি গোছল খানা থাকি বাইর অইয়া চইল্যা আহে, আবার কিতাছু মাস থাকি তার ২ ১ দিন ফরে ফরে বেসি ঘাড়ত আর ফুরা বাম পাশটা ঝিনঝিন করে, আর প্রায় ১ দিন ফরে ফরে তার মাতা ব্যথা, অখন আমার মার কিতা করা উচিত আর কিতা লাগি ইলা অইরায় যদি একটু কইলতান ফিলিছ ? ?"
17230,"রুহ আফজা কিতা শরীলর লাগি বাড়তি কুনু সুবিধা দিবো? আমি আফ্তাত তিন দিন এক ঘন্তা এক্সারসাইজ খরি। এক্সারসাইজর সমে বা বাদে ড্রিহাইড্রেশন এড়াইতে গ্লুকোজ / স্যালাইন / রুহ আফজা কুনটা বালা অইবো? পরামর্শ চাইরাম। আমার উসতা ৫ . ৯ "" ( ৬০কেজি )।"
2076,"আমার বহুত দিন ধরি ঠান্ডা, হাঁচি, নাক দিয়া পানি পড়ে। ধুলো বালি নাকে গেলেই হাঁচি অয়। সকাল বেলা হাঁচি অয়। নাকের মাংস আঙুরর দানার লাখান দুইপাশে ঠান্ডা লাগলেই বাড়ে। বৃষ্টিতে ভিজলে ঠান্ডা লাগে। বুকে বহুত কফ অয়। আমি মেডিসিন বিশেষজ্ঞ দেখাইছি। ডাক্তার রক্ত পরীক্ষা আর বুক এক্সরে করি ট্রাইলক টেন আর টোফেন খাইত দিছইন। দুই মাস খাইয়া ভালা অইছিলাম, আবার অউ অসুস্থ। ঔষধ খাইলে কমে, না খাইলে বাড়ে। এহন আমি কিতা করমু?"
12886,আমার ছোরির বয়স তিন বছর। গেছতা এক সপ্তাহ ধরি তার ঘাড়র ডান দিকে ব্যথা খররা। সরিশার তেল দিয়া মালিশ খরলে অথবা আলকা গরম সেক দিলে সে ভালা অনুভব খরে কুনতু কিছুন পরে আবার ঘাড়ো ব্যথা খরে। তার ওজন ১২ কেজি আনুমানিক। ইছাড়াও তার অনও কুনো অসুখ নাই। সে ভালা আছে। কিতালাগি এমুন ব্যথা অইলো? অখন আমরার খরণীয় কিতা?
7612,"আমি বিয়াইতো। বয়স ২৬ +। বিয়ার বয়স তিন বছর। ফুঁয়া নাই। আমার পিরিয়ড আইজ ৪৫ দিন থাকি বন্ধ। প্রেগ্ন্যাসি ৪১ দিন আর ৪৩ দিনে কাঠি দিয়া টেষ্ট করছি। তয় রেজাল্ট নেগেটিভ। কোমরো আর ফাতো প্রায়ই ব্যাতা থাকে, বুকর বাম ফাশো মাঝেমাঝে ব্যাতা অয়, মাতাত জ্বালাপোড়া করে। গত মাসগুনোত পিরিয়ড রেগুলার আছিল। ফুঁয়া নেওয়ার ব্যাপারে আশাবাদী। তয় ইলাকান লক্ষন থাকায় দুশ্চিন্তা অইরায়। সঠিক ফরামর্শ দিয়া উফকার খরবা?"
17412,"প্রিয় স্যার, আমার পুয়ার বয়স আড়াই বছর। হে বুগর দুধ খায়। তার জিবাত ধলা ময়লা জমে। কিন্দু অই দিনর ১৫ / ১৬ দিন থাকি ৪ / ৫ দিনর বিতরে ১ বারও পায়খানা অয়না। যারলাগি সাপোজিটর / গ্লিসার দিয়া পায়খানা করানি অয়। ইটা কুনু সমস্যা নি আর ইতার লাগি কিতা করন লাগবো জানাইলে উপকার পাইতাম। ধন্যবাদ।"
25761,"হঠাৎ করি নাকে সর্দি লাগছে। নাক খুব পিল পিল খরে, হাঁছি আইতে ছায়। নাক দিয়া ফানি ফড়ে আর সব থাকি বেশি খারাপ লাগে নাকে বাতাস ঢুকলে। সারা রাইত ঘুমাইল যায় না। ফ্যান অফ খরি ঘুমাইলে গরম লাগে তাই ফ্যান ছারি নাক ডাকিও ঘুমাইল যায় না এতো খারাপ লাগে। আদা চা, গ্রিন টি আর গরম ফানির বাফের উপর ই আছি। কিতা ঔষধ খাইলে উপশম মিলবো?"
12575,"আমার বাফর বয়স এহন ৭৫, উনার ডায়বেটিস আছে। গত সপ্তাহখানেক আগে উনার চউক্ষে অতো বেছি চুলকানি আছিল। চুলকানীর লাগি ডাক্তার প্রেসক্রাইব মত ড্রপ দিছিলইন। চুলকানি এহন নাই কিতা গত ২ দিন ধরি অতো বেছি মাতা ঘুরের আর চউক্ষ থাকি ফানি ফরর। চউক্ষে ঝাপসা দেখের। মাতা খেমুন যেন ধরি আছে। এহন লকডাউন আর চউক্ষের ডাক্তারও কুনুখানে বসইন না। প্লিজ বালা এক্টা ট্রিটমেন্ট দইন, যাতে করি উনি একটুকু আরাম বোধ খরইন।"
21121,"আসসালামু আলাইকুম। বাচ্চুর বয়স তিন মাস, গত বুধবারে দুফুরের বাদ থাকি ঠান্ডা কাঁশি লগে হালকা জ্বর, শ্বাস লইতে আওয়াজ অইরায়। হোমিওপেথি চিকিৎসা চলির। ই অবস্থা কিতা খরলে ভালা অইব। নোট - জন্মের বাদে পয়লা জাগা বদল (সিরাজগঞ্জ থাকি গাজীপুর অখনকার জাগা) গত রবিরবারে (৩০-১০-২১ইং)। ধন্যবাদ।"
23999,বিগত ৩ দিন থাকি খানি'র প্রতি কেমন যেন অনিহা আই গেছে। সাভাবিক তরিকায় খানি খাইতারাম না। এক্কেরে কম খাইলেই পেট ভরি যার। আর না খাওয়াইর কারণে শরিল এক্কেরে দূর্বল অইয়া যার। আমার গ্যাস্ট্রিক'র প্রবলেম আছে। ইতার লাগি শ্বাস লইতেও কষ্ট অয়।
6907,"আমার বোহুত দিন থাকি ঠাণ্ডা লাগি থাহে, অইলে জ্বর, সর্দি, কাঁশি কুনু কিচ্ছু নাই। মাজে মাজে রাইতত নাক বন্দ অই যারগৈ আর যহন আমি কুনু কিচ্ছু গলা দিয়া পাছ খরি তহন মনে অয় যে গলাত কফ জমিয়া রইছে। ওবই কিচ্ছুডা হুনো আটকিয়া যারগৈ অউক্কা মনে অয়। আর কাইচ্ছু দিন ধরি আমার সামান্য শাঁসখষ্টও অইরা, অইলে রাইতত কাইচ্ছু বেশি অইরা। ই বিষয়ো আফনারার পরার্মশ আশা খরি।"
24980,"স্যার, আমার বউয়ের বয়স একুশ, নরমাল মিন্সের তারিখ পার অইয়া আট দিন অইয়া যাইরা কিন্তু এখনো তার মিন্স অইরায় না। ই মাসের পনরো তারিখে মিন্সের তারিখ আছিল, আমরা নয়-দশ তারিখে মিলন করসি। তাইলে কি সে প্রেগন্যান্ট? আমরা চাইরাম না যে এখন বাচ্চা নিতে। ই ক্ষেত্রে কিতা করনীয়?। তার সবসময় মাথা খারাপ লাগে, ঘুম পায়, ক্লান্ত অনুভূতি অয়, খাইতায় মন চায় না। ইতার আগে তার কুনুদিন মিন্স দেরিতে অয় নাই। এখন আমরার করনীয় কিতা? ধন্যবাদ।"
13199,"করোনা লইয়া সবসময় ডর লাগে ! ! বারী থাকি কুনু কুনু সময় খামর লাগি বারিবার অয়। খুব বেশি সাবধান অইয়া ঘরো থাকি বারই, কিন্ত বারীত ফিরি আইবার বাদে মনে অয় আমার মনে অয় আক্রান্ত অইয়া গেলাম। বারীত ছয় মাসর ফুয়া আছে তারে লইয়া খুব চিন্তা অয়। ঘুম কম অইরায় আর মাতাত সব বেটুক চিন্তা ঘুরেরা, শরীল লইয়া অকটু বেশি সচেতন অইয়া যায় কুনু কুনু সময়, গুগল গাটাগাটি খরি। আমার এনজাইটির সমস্যা আছে। সাহায্য চাই, উপকৃত অইমু। ধন্যবাদ ❤❤❤"
6710,"জনাব, তিন মাস আগে ডায়রিয়া অইছিল। এরবাদ থাকি গ্যাসট্রিক-এর সমস্যা বেশি অইরায়। মাঝে মাঝে ফাটাত চিনচিন খরিয়া ব্যাথা করে। সবসময় মনে অয় টয়লেট দরকার কিন্ত ফাক ক্লিয়ার অয়না। কয়েখ বছর ধরি পায়খানা নরম, ছেঁড়া ছেঁড়া, শক্ত অয়না। পরামর্শ পাইলে উপকৃত অইমু।"
2862,"স্যার, একটা এক্সিডেন্টর লাগি আমার বাম হাত ভাঙ্গি গেছে। হাতটা খুব বেশি করি ভাঙ্গার লাগি আমারে হাতর অপারেশন করাইতে লাগছে। অপারেশন করাইছি ১ মাস অই গেছে। এহন আমার অপারেশনর ঘা থাকি পুঁজ আর ফানি বাইর অয় আর তার লগে বেশি বেথা অনুভব করি। তাই স্যার, এহন আমার কিতা করাত লাগবো?"
22470,আমার বউওর বয়স ২১ বছর। গত কছদিন থাকি তার শরীলে হালকা বিথা আছিল। তয় গতকালকে করোনার ফয়লা ডোজ টীকা দেওনের পর থাকি পুরা শরীলে কঠিন বিথা আর খাছ করি হিপের ওপরর অংশ আর তলা পেটে কঠিন বিথা করের। এরলাগি সারারাত ঘুমাইতে ফারছি না।
14371,"গতখাইল অফিস থাকি আইয়ার বাদে আলুর পরোটা খাইছি। এরবাদে গ্যাস অনুভব করলাম। রাইত একটা ( সেক্লো ) গ্যাসের ঔষধ খাইলাম। রাইত বিষ্টি অইছে, ঠান্ডা লাগছে। অখন দেখি গলা খুশখুশ খরছে, শরীল ব্যথা, গাতো একটো জ্বর। এমুন অবস্থায় আমার কিতা করা উচিত। মেহেরবানি করি পরামর্শ দিলে কৃতজ্ঞ থাকমু।"
19796,"আমি অহরহ বিকালবেলা খেলি। খেলবার সময় বহুত ঘাম মারি, আগে আমার জ্বর অইছিল ইখন নাই। আমি এক জন গাউর ডাক্তারর কাছে প্রেসার মাপাইছিলাম ১০০ / ৬৫। ইখন তাইলে আমি কিতা খরমু? আর ঘুম আইয়ার খুব, বইলে ঘুম আবার শুইলে তো কুনু মাতই নাই।"
24593,"আমার বউওর বয়স ২৪, আমার বিয়া অইছে ৩ বছর, আমি চাকুরি করি ১৫ দিন বাদ বাদ বাড়িত যাই, আমার বউওর বিয়ার আগ থাকিই সাদাচ্রাব অয়, ডাক্তার কইছিল বিয়ার বাদে ভালা অইব বিয়ার তিন বছর অইল এখনো ভালা অয় নাই, আর এখন সাদাচ্রাবের লগে খুব চুলকায় এখন আমার কিতা করতাম?"
23816,"বয়স ২৪ বছর। নরমালি খুব ভালা। কিন্ত সামান্য কথা অমান্য খরলে অইলেদি তার বিরুদ্ধো কথা খইলে অইলেদি সে যেরা চায় তাইন সময়মতো না আনলে অস্বাভাবিক রাগ অইযায়, , , কুনু মানষর কথা শুনে না। তার জামাইরে শাস্তি দেওনের লাগি জিনিসপাতি ভাঙিয়া ফালায়, , , মেহেরবানি করি পরামর্শ দিওক।"
20445,"ব্রনোর ফরো মুখোর খালা দাগ আর ব্রনোর গত‍র্‌ কুনু রকমে ঠিক খরা সম্ভব কিতানি কইবায় বয়স ৩০, ১০ বছর আগো বহুত ব্রন আইতো অখন অয়না কিন্তু হেই দাগ আর ব্রনোর গত‍র্‌ রই গেছে অখন ইটা কুনু রকমে সম্ভব কিতানি ইতা জান্তাম চাই আমার মনে অয়না সম্ভব?"
5842,"গত ৩ / ৪ দিন থাকি আম্মায় খুব দূর্বলতা অনুভব খরইন। গত পরশু শরীলে কাপুনি অইছে বেশি। বয়স ৪৮। ডায়াবেটিস নাই, উচ্চ রক্তচাপ আছে। দূর্বলতা কমানোর লাগি কিতা করা যায়? ওরস্যালাইন খায় যদিও, কিন্তু ডেইলি কয়টা খাওয়া যাইবো, বা অন্য কিতা ব্যবস্থা নেওয়া যায় প্লিজ জানাইবা।"
14181,ফুয়াইনরে লেখাপড়া শিখানির ঠিক বয়েস কতো? ইস্কুলে কতো বচ্ছর বয়েসে ভত্তি খরিলে ফুয়াইনর মানুসিক কুনো চাপ সৃষ্টি অয় না? ফুয়া নিজর আতে খাইতে না চাইলে কিতা খরনীয়? একজন ফুয়া দৈনুক কতো সময় রোদে খেলাধুলা খরতে পারে? দিনে কতো ঘন্টা খেলাধুলা খরার লাগি উত্তম?
19216,"আমার মটরসাইকেল এক্সিডেন্ট অইবার ফরে অলীক রেন অন প্রসেস করা অইছে। এরপর ফাস মাস অইয়া গেছে, এহন আমার ফ্রোজেন শোল্ডার। আমি হাত ফিসনে নিবার পারি না আর হাত পুরোপুরি সিদা করতাম পারি না। আতো মাজার আঙ্গুল দিয়া আমি কুনো সুইচ বা কুনো কিছু চাপ দিতাম পারি না। অলেক্রণন এর জাগাত খবউত বেথা। কিতা ইলাজ খরলে বা বেয়াম খরলে পুরোপুরি বালা অইমু। মেহেরবানি করি জানাইবা।"
25885,"আসসালামু আলাইকুম। আমার ফুয়ার বয়স ৪.৫ বছর। আজ ফজইর ৫ টায় হে দু'বার বমি করছে বমির লগে তার রাইতর খানা আর সন্ধায় খাওরা কেক আর চকলেট বাইর অইয়া আইছে। হে পায়খানা করার চেষ্টা খরছে, একটু কষ্ট করি পায়খানা করছে। আর ফেট ব্যাথা খরছে কইছেরা। এ অবস্থা কিতা কুনু ঔষধ খাওয়াইতে পারি, দয়া করি একটু জানাইবা।"
17736,আমার ঠান্ডা সমস্যা আছে। অল্পতেই নাকে ফানি আইয়া পড়ে। আর মাঝে মাঝে আমার ফুয়া কেও বয়া থাইকলে হে আমার নিঃশ্বাস নিবার আওয়াজ পায়। বউতেই কইছে যে আমার নিঃশ্বাস নিবার সময় আওয়াজ অয়। আমি মাঝে মাঝে মনটেয়ার - ১০ টেবলেট খান খাই। অখন যেহেতু শীত আইছে আমার ঠান্ডা ও নিঃশ্বাসের সমস্যাও বাড়তাছে। অখন এই ওবস্থায় আমার করনীয় কিতা যদি দয়া করি কইলায়।
19992,"আমার মা হার্ট, ডায়বেটিক, হাই প্রেসার জনিত জটিলতাত ভুগরা। তার হার্টাত রিং পরানো অইছে আর রেগুলার ঔষধ খাওরা। এই অবস্তাত তারে করোনা টিকা দেওয়া উচিত অইবো নি? আর যদি টিকা দেওন যায়, তে এর লাগি আগে থাকি কুনো সচেতনতা অবলম্বন করন লাগবো নি?"
17081,"গত তিন দিন ধরি বিয়ানে বা দুপুরে যখনি ঘুম থাকি উঠই, থু থু ফাললেই রক্ত আইয়ায়, তবে পরিমাণে কম। বেশ কিছক্ষণ বাদে আর থু থুর লগে রক্ত যায় না। যদি গলা ঝাড়িয়া কাঁশি দেই তখনি আবার অক্কল্ট রক্ত দেখা যায় আর ভালা করি চাইয়া দেখলাম যে গলা থাকিই আহে রক্ত। কিন্তু কুনু ঘা বা ব্যাথা নাই গলায়। এই ক্ষেতরে আমার কিতা করনীয়।"
23750,"আসসালামু আলাইকুম , , , আমার বউওর প্র্যাগনেন্সি নয় মাসর উপ্রে চলিরহে। কিতা দিনর আগে তারে গাইনী বিশেষজ্ঞ দেখানি অইছে আর কিতা ঔষধ প্র্যাসক্রাইব খরছে। এখন তার সমস্যাটা অইলো দুই পা ফোলিরহে আর হাটতে সমস্যা অইরায় আর ইটারে নাকি সুস্তা নামিরহে কয়। ত এই সমস্যার লাগি আফনুগোর কিতা পরামর্শ চাইরাম , , , প্লিজ।"
16850,আমার ফুয়ার বয়স তিন বছর ছয় মাস। তার শরীলে ছোট ছোট ঘামাচির লাখান অনেক এলার্জি অইয়া ভরি গেছে। খউব চুলকায়। ডাক্তার দেখাইছি এলাট্রল সিরাপ আর টপিকর্ট নামে একখান ক্রিম দিছে গত শনিবারে। কিন্তু অখনো ভালা করি কমরায় না। কিতা করি প্লিজ খইন।
11294,বেজান ঠান্ডা ৪ দিন ধরি। তয় কফ বা গলা ব্যাথা নাই। ফায়র নখর মইধ্যে এক সপ্তাহ ধরি কুণি অওাতে ফায় ব্যাথা অইরায়। শরীলর অন্য জাগাত ব্যাথা নাই। তয় দুইদিন ধরি থাইম্যা থাইম্যা ৯৯ - ১০০ ডিগ্রি জ্বর। অখন কিতা করা উচিৎ? করোনা টেস্ট কিতা করন লাগবো?? কিতা ট্রিটমেন্ট লাগবো?
4569,আসসালামু আলাইকুম। আমার এক দোস্তোর বউ'র ফেইটর তলোয় ডাইন সাইডে রগ টানার লাখান ব্যাথা অনুভব খররায়। আর ব্যাথাখান আঁস্তে আঁস্তে বুকর দিগে আওয়া-যাওয়া খরর‍ে। ব্যাথাখান কিতা লাগি অইরহ? ইতার লাগি কুন ডাক্তার দেখাইলে বালা অইবো আর আফনে কুন টাইপর ঔষধ আমারে এডভাইস খরবা? তারার বিয়ার ১৬ বছর পার অইছে আর দুইখান ফোয়া আছে। মেহেরবানি করি আমারে বিস্তারিত সাহায্য করার লাগি চেষ্টা খরবা।
21973,"আমার শরীলে আতো ও গলাত ধলা ধলা অই গেছে একটুন বেশি ঘাম ও গরম লাগলে শরীল জ্বালা-পোড়া খরয় চুলকায়। এহন দেখরাম আস্তে আস্তে পুরা শরীলে অইয়া যার। শিতকাল আইলে এইগুলা পিরি চুলকায় না। তেমুন কুনু সমস্যা অয় না। রানের চিপাত ও একই অবস্থা একটুন বেশি ঘাম, গরম ও রুদে গেলে চুলকায় যে বেশি।"
5798,"আমার বাফা (৫৫), আর আমার (২৬) শ্বাসকষ্ট আছে! রেগুলার অউষধের উপরেই আছি! কিতা, যদি কুনুদিন বেশি সমস্যা অয়, তাইলে তা থাকি জলদি ভালা অওয়ার লাগি কুনু ইনহেলার কিনিতে চাইরাম! কিতা, কুন ইনহেলার ভালা বা কুন ইনহেলার দরকার, ইতা জানি না! দয়া করি জানাইবা! ডাইরেক্ট কুনু ইনহেলারের নাম কইতে না চাইলে, অউষধের গ্রুপ নেম গুলা কইলেও উপকার অইবো! # বাফার অনেক বেশি এ্যালার্জীর সমস্যাও আছে!"
15723,আমার গেছতা এক সপ্তাহ থাকি কানে বিথা আছে। বিথাটা সব সময় অয় না। খালি যখন মুখ হাঁ খরি যেমন হাই তুলার সময় মুখ বড্ডা খরি হাঁ খরি ঠিক তখনি ডাইন কানে বিথা লাগে। এক সপ্তাহ আগে অতর্কিতে মুখ হাঁ খরার সময় জোরো ডাইন কানে টান লাগছিল। খাওয়রার সময় বিথা খরে না কিতাউ কুনু ফল খাওয়রার সময় যখন মুখ বড্ডা খরি হাঁ খরি ঠিক তখনি ডাইন কানে টান লাগে। সমস্যাটা এক সপ্তাহ থাকি অইরায় ধন্যবাদ।
12244,"গলর বাম সাইডে আংগুল দিয়া খোঁচা দিলে চাকতির লাখান কিতা যানু একটা অনুভূব অয় যেতাই টিপলে ব্যাথা করে। ঢোক গিলতে কুনো সমস্যা অয়না, তবে কান্দ ডান সাইডে নোয়াইলে বা পাশ অইয়া শুইলে অনেক সময় কিছটা ব্যাথা অনুভূব অয়। বি: দ্র: ইফতারিত ২-৩ দিন ফ্রীজের ঠান্ডা পানি পান করছিলাম। তার বাদ এরকম ব্যাথা অনুভূব অইলে ঠান্ডা পানি পান করা বন্ধ করি। এহন কিতা করতাম?"
24341,আমার বহুত কাঁশি। সারাদিন কাঁশি অয়। নাকো গাড় ঠান্ডাও আছে। কিতা কাঁশি সারাদিন সারারাত। মনে অয় গলা ছিঁড়িয়া যাইর কাঁশতে কাঁশতে। শুখনা কাঁশি। বিউকফ আর মন্টেলুকাস্ট খাইরাম কিতা কুনু কামই অইরায় না। আর সারাদিন এসিত ক্লাস করাত অয় যার লাগি কাঁশি আরো বাড়িয়া যাইর। কিতা করমু?
20708,"আমার মার বয়স ৬৫ বছর অইছে। আইজ প্রায় ৫ দিন থাইক্যা তার বুকো একটা বিষ ফোড়া অইছে। যে কারণে, শরীলো ব্যাথা, জ্বর জ্বর আর হাত, ঘাড়, মাথা ব্যাথা অইরায়। তার হাইপ্রেশার আছে আর নিয়মিত ঔষধ খায়। ব্যাথার আর ফোড়ার কষ্ট থাইক্যা আরাম পাওনোর লাগি কিতা কিছু করন যায় নি?"
14139,"আমার মার বয়স ৮০ / ৮৫ অইবো। ৩ বছর অইলো গল্ডব্ল্যাডারে ফাতর। বয়স দেইখা ডাক্তার সাব সার্জিকেল অপারেশন খরছইন না। অউশুদ দেন অমিডন , সারজেল , গ্যাস্টোকোন , আরসোকল নিয়ম খরিয়া খাওয়াইরাম। ইখন ফেটে বহুত গ্যাস, রেগুলার বাথরুম অইরা না, ফেট ব্যাথাও আছে। ফরামরশ প্লিজ।"
11752,"আমার বউয়র ০৪ / ০৪ / ২০২০ তারিখর লাস্ট মেন্স অয়, মে মাসর ১ - ৪ / ০৫ / ২০২০ তারিখর মইধ্যে মেন্স অওয়ার কথা আছিল কিন্তু অয়নাই। আমি ( কুইক বেবি চেক ) দিয়া টেস্ট করিয়া জানতে পারলাম তাই পজেটিভ ( প্রেগনেন্ট )। আমি অখন কিতা কুনো ডাক্তারর কাছে তারে লইয়া যাইমু? যদি লইয়া জাইতে অয় তবে আমারে কুনো ডাক্তারর কথা কইবা নি? ? আমি আফনার কাছে কিচু ফরামর্শ চাই ।"
25282,"আঁই যেখন খুব শারিরিক বা মানুষিক চাপ লইরাম তহন খয়েকবার এমুন অইছে যে মাতাত খুব বেশি চাপ লাগে ৷ মনে অয় মাতার শীরা ফাটি যাইবো, রক্তের চাপ লাগে ৷ এক দিন রাইতে খুব বেশি অইছিল, সারা রাইত ঘুমাইতে পারছি না ৷ আইজ হঠাৎ শরির খুব দুর্বল লাগে ৷ কুনু এমুন অইরায়, বুঝতাম পাররায় না ৷ কিতা ধরনর ডাক্তার দেখাইমু? অখন কিতা করনীয়?"
7104,"আমার ওয়াইফ দুই মাস গত প্রেগনেট অইছে, কাইল একবার আইজ তিনবার বমি করছে। কুনু কিছু খাইতো তার ভালা লাগের না আর অস্বস্তি লাগের। এই অবস্থাত বমি বন্ধ করার লাগি কিতা করনীয় আর খাওয়া দাওয়ার রুচির লাগি কিতা করনীয় জানাইবা। আমি এমন এক গাওত বাস খরি যেখান থাকি কুনু হাসপাতাল যাইবার গাড়ির রাস্তা নাই নদী পার অইয়া তারপর যাইতো তাই অনলাইন পরামর্শ চাইরাম।"
13346,"আমার মাতাত বহুত চুল্কায় আর চুল্কানির বাদে মাথা থাকি আটা আটা ফানি বাইর অয়। অখনো রাইত মাতাত বহুত চুল্কায়, বাদে ফানি দিয়া ধুইলে মাথা কিছটা ঠাণ্ডা অয়। আর চুল্কানির লগে বহুত চুল ফড়ে, আমি কিতা খরম? করোনা ভাইরাসর লাগি বালা ডাক্তার দেখাত ফাররাম না। কুস্কির লাহান মাথা থাকি বহুত শাদা শাদা খাল বাইর অইয়া আহে। বহুত সমস্যা খরছে মাতাত।"
7381,তিন দিন আগে মোবাইল ব্যবহারর সময় মাথাত (তালুত) একটুক পেইন অয়। পেইন কয়েক সেকেন্ড স্থায়ী থাকি চইল্যা যায়। কিত্তে এরফর থাকি ডাইন চোখ সহ ঘাড়োত ব্যাথা করের। ব্যাথা কুনু কুনু সময় কানুতও অয়। ডাইন দিগর অংশত মূলত ব্যাথা। আমি ধারণা খররাম মাইগ্রেনর ব্যাথা। শরীল দুর্বলতা আছে। বমি বমি বাব আছে। জ্বর নাই (৯৮.৫ বা তার তন কম)। বয়স তেইশ বছর।
22964,"আমার বউ দেড় মাসের পেগনেট। কুনু সময় আগে হঠাৎ করি বাথরুমে যাওনের সময় সেন্সলেস অইয়া গেছইন আর পড়ি গেছইন। তারে ধরি আনা অয়। ইতার কুনু সময় বাদে আবার তার চোখ উল্টাইয়া সেন্সলেস অইয়া গেছইন। এখন কিতা করাত পারি, জলদি পরামর্শ চাই। কয়দিন ধরি খাওয়া-দাওয়া করাত পাররাম না। খুব বেশি পায়খানা কষা, শরীল খুব দুর্বল, পরামর্শ চাই।"
22187,"আমার ব্লাড সুগার র‍্যান্ডম ৮ . ৮ আইছে, লিপিড প্রোফাইল নরমাল, খালি এল ডি এল ১১৫। ই সুগার ৮ . ৮ রে কিতা ডায়েবেটিক কওয়া যাইবো নি, বয়স ৩৫, ওজন ৮৪ কেজি, উচ্চতা ৫ ' ৬ "" । ব্লাড সুগারর ই ফিগার দেখিয়া চিন্তিত, দয়া করিয়া একটুক নির্দেশনা দিবা নি কিতা করতাম? অগ্রিম ধন্যবাদ"
5814,আমার ফুয়ার বয়স এক বচ্ছর। আইজ খেয়াল খররাম ঘন ঘন প্রস্রাব খররায়। সময়র ব্যবধান তিরিশ-চল্লিশ মিনিটোর লাখান। আইজ দুফরে চিনির শরবত খাইছে। আর চোখ লাল অওয়ার কারণে ডাক্তারর পরামর্শ হিসাবে সোনেক্সা আই ড্রপ দিরাম দুই ফোটা করি দিনে তিন বার। আমার প্রশ্ন অইলো ঘন ঘন প্রস্রাব কিতা কোন সমস্যা? এই মূহুর্ত্তো আমার কিতা করণীয়?
5426,"আসসালামু আলাইকুম, আঁই < NAME >। আমার বয়স ( ১৭ + )। আমার মাইগ্রেন এর প্রব্লেম আছে। কিছু দিন থাকি আমার খুব মাতা ঘুরয় আর বমি আহে, কস্তকাথিন্ন, ফেইট ফাপা, খুব খুদা থাকলেও খাইতে গেলে অল্প খাইলে ই অস্বস্তি শুরু অইয়া যায়। আমার এহন কিতা করা উচিত?"
3303,হ্যালো স্যার আমার বাচ্চার ( ফুয়া ) বয়স ১৪ মাস দশ দিন । গেছতা এক সপ্তাহ থাকি তার বেশি কাঁশি । বুকর ভিত্তর মনে অয় কফ জমি রইছে । গেছতা ৩ - ৪ দিন থাকি নেবুলাইজেশন খররাম । নেবুলাইজেশন করার বাদে বুকর ভিত্তর ডাক কিছটা কমছে । কিন্তু কাঁশি কমর কুনু লক্ষণ দেখছি না । তারে লাইটেক্স ড্রপ খাওয়াইরাম দিনো দুইবার দশ ফোটা খরিয়া । যখনি ঔষধ খাওয়াইরাম লগে লগে বমি খরিয়া ঢালি দিরায় । মাঝে মাঝে জ্বর অয় । জ্বরর লাগি রেনোভা খাওয়াইলে ভালা অয় । আপাতত জ্বর নাই । কিন্তু কাঁশি কমের না । স্যার কিতা খরমু বুজিয়া পাইরাম না কিতা ঔষধ খাওয়াইলে কমবো এটা জানিনা জানাইলে উপকৃত অইমু ।
5815,আসসালামু আলাইকুম। আমার আম্মু বহুত দিন ফেইটর সমস্যায় ভুগরায়। উনার সব সময় ফেইট ফাফিয়া থাহে! ফেইট ফাফিয়া গেলে বায়খানা ও কম অয়। ফেইট ফাফিয়া ঢেকুর বাড়ে। ফেইট ফাফিয়া থাহার কারণে খাওয়া-দাওয়া খরতেও অসুবিধা অয়! এই অবস্থাত করণীয় কিতা??
22330,"আমি খাইল বারোটার সমায় আক্কল দাঁত তুলিলাইছি, কাটিয়া বাইর খরছে, চাইরটা সেলাই দিছে। খাইল দাঁত তুলার সমায় আমার গলার বিতরে বাম সাইডে ঢোক গিলবার সমায় ব্যাথা লাগে। এহন খাইল রাইত আমার গলার বিতরে কিতা যেনো একটা বাইর অইছে, ঢোক গিলতে পাররাম না, বড় হা করিয়া কারুকা দেখাইতে পাররাম না। ইতার আগে আমার টন্সিল ফুলা আছিল। এহন আমি কিতা ঔষধ খামু?"
20148,আমার পিছোত দাদ জাতীয় কিতা অকটা অইছে। বহুত চুলকায়। আর এহন চুলকাইলে হাল্কা রস বাইর অয়। ২ মাস থাকি ইটা আমার অইছে। চুলকানি কমেনাই। ওই জাগাত দাগ অইয়া গেছে। আমি ছবি তুলছি অকটা। ইখানাত ফাটানো যাইতাসে না। মেহেরবানি করি ঔষধ / মলমোর নাম খইন।
7372,"আমার মাইয়া হাইটতে ফারেনা তাই তারে সবসুময় ফিজিওথেরাপি দেওন অয় কিতালা এহন লকডাউন থাকাত বারে যাওয়া সম্ভভ না তাই আমি তারে বাড়িত থেরাপি দিরাম , এর লগে লগে আমি কিতা তারে ১৫ বছর পুরান মধু দিয়া মালিশ খরতে পারি ? বা বাজরে কিতা কোনো ধরনর ঔষুধ বা তেল আছে যেতা দিয়া মালিশ করন যায় ? বা আসলও মালিশ করন কিতা ঠিক অইবো ? আমার মাইয়ার বয়স ১২ বছর । সে ফাও একদমই নড়াইতে ফারেনা ।"
17859,আমার বউত দিন ঠিক মত ঘুম অয়না। মাইলাম ডিসোপেন২ মিরতাজ১৫ রিবোটিল২ টেনিল৩ এই ঔষুদ গুলা আমি খাইছি। আমার একখান কম্পিউটারর দোকান আছে। বিছান ১০টা থাকি রাইত ১০টা লাগান কাম করি। আমি এহন কিতা করমু? আমার ঘুম একবারেও অয়না। আমার বাসা ময়মনসিংহ। মনোরোগ বিশেষজ্ঞ ডাক্তার ময়মনসিংহর কুনো জাগায় আছে?
19134,কাইত দিন থাকি আমার ঘন ঘন পিয়াস লাগে। ইতার লাগি বার বার ফানি খাইত অয়। ইতার ফলে ঘন ঘন ফেছাব অয়। কইয়া রাখা ভালা আমার কুনু ধরনর শরীলর সমস্যা নাই। কিন্দু ঘন ঘন ফেছাব আমার দুশ্চিন্তা বাড়াইয়া দিরছে। ফরমার্শর লাগি আগে থাকি ধইন্যবাদ।
14997,"আমার মার বয়স পঞ্চান্ন বছর। তান ফাট ফাফা ফাফা লাগের, শইল দুর্বল, কিতাউ খাইতে ছাইন না, ঘুমর ওষুধেউ ঘুম আয়ে না, নিশ্বাস লইতে কষ্ট অয় মাঝেমাঝে, শ্বাসর প্রবলেম শুরু অইলে আথ পা ঠান্ডা অইয়া আয়ে। এও সময় আমার মার লাগি কিতা করন লাগব? (আমার মার হার্টর প্রবলেম আছে আর চিকিচ্ছা চলতেছে, হাই প্রেশারর প্রবলেমউ আছে ওষুধ চলতেছে)"
17631,"আমার বউ'র পিরিয়ড ডেট এক্কুশ দিন পার অইলেও অখনও পিরিয়ড অইরায় না। আমরা তিন বার প্রেগন্যান্টসি টেষ্ট করছি আলাদা কিট দিয়া, প্রতিবার রিজাল্ট নেগেটিভ আর সাত দিন আগেও করছি রিজাল্ট নেগেটিভ। অখন আমরা কিতা খরতে ফারি / কুনু ট্রিটমেন্ট / পরার্মশ? ইটা স্বাভাবিক না কি অস্বাভাবিক? তার সাদারনত ঠিক সময়ে পিরিয়ড অয়। বেশি ওজন বাড়ে নাই / কমে নাই, বেশি স্ট্রেস নাই, কামোর চাপও নাই, কুনু পিল খাওয়ানি অয় নাই ইতার মাঝে। আমরা অখন বাচ্চা লইতে চাইরাম না।"
