12758,"সম্মানিত ডাক্তার সাবেরাইন, আঁর্ বঅস বাত্তিছ, আঁর্ হাইপারটেনশন আছে এন্ড নিয়মিত অষুধ হাইর‍্যি। আঁর্ ডায়াবেটিস নাই। আঁই রোজ দুই চাম্মচ মধু হাই চা দি। এইলে কি কুনু জটিলা অইবোনি? এন্ড ডায়াবেটিস অওনোর সম্ভবনা আছে নি? নোট: সাত্ত দিন আগে চেক গইর‍্যি। খাওনোর দুই গন্টা পরে খালি পেটত সুগার ৬.৩। ধন্যবাদ এন্ড নিরাপদ থাকুন।"
25233,"বয়স ১৮, প্রেশার নরমাল। ঘুম অয় ৮ ঘন্টা। খেলধুল কম অয়, গাদনত বেদা গরের। প্রায় ১মাস ধরি এই সমস্যা। সবসময় ন' অয়, আর বেদাডাও জোরালো ন'। যেদাই বেদা গরের, এদাই ৩০-৪০ মিনিট লাগের। পরে হারাই যায়। কুনও ধরনের ব্যায়াম গরিত অইবো নাকি কুনও অউষদ খাইত অইবো, পরানশ চাই??"
16074,আঁর মায়ের বওস পঁইশট্টি বসর। এক দিন কাম গরতে গেই লাঠির কন্সির আঘাৎ লাগে চঁউতত। এইর বাদে কাইল্লু দিন চঁউতত বেথা আঁর ফরে চঁউতত মইলা জমা অইতে শুরু গরের। কাইল্লু জাগাত ডাক্তর দেখানের ফরে কিচ্ছু বুজতে ন ফারি বরিশাল ইসলামিয়া আসফাতালত লই যাওয়া অইলে তারা কইয়ে যে নেত্রনালী বন্ধ অই গেইয়ে এইল্লাই অপারেশন গরাইতে অইবো। এইর ফরে অপারেশন গরাইয়ের ফরেও হি সমইচ্চার সমাদান ন অইয়ে। অ্যাঁইলে কি গরিতে ফারি? বি . দ্র : আঁর মায়ের ডায়াবেটিস আছে। ধন্যবাদ
24433,"গত ৫/৭ বছর ধরি বেশি আরাম খুঁজির গিয়া বিছনাত বালিশত হেলান দি বইছিরে বেশি। যেয়ার ফলে শরীলর ভর ১২, ১৩ নম্বরি কশেরুকাত বেশি পড়িয়েরে। ইব্বে মনে অই যার, বেশি আরামত থাই নাফ্ফুর উপরে দুয়ারপাত ভাঁজ তৈয়ার অইয়েরে (বক্ষপিঞ্জরর তলার হাড্ডি লাগোয়া জাগা)। যেয়ার ফলে কোমরর উপরের অংশ (পেটর দুয়ারপাত) চিকন অই যারগা। আঁর বয়স ১৭, ওজন ৫৮ কেজি আঁত্তুন, উচ্চতা প্রায় ৬ ফুট। সওয়াল অইল, বেশি উচ্চতা - কম ওজনর কারণে ইনেন গর্তের লাঁই ভাঁজ অইয়েরে নি অসচেতন জীবনযাপনর ফলে? ফিয়াত্তুন কোন সমস্যা অইবোনি? আঁর কি গইরতাম অইবো?"
23651,"হ্যালো স্যার আঁর বউত বওশ আডাইশ বশর। কীয়াক দিন অইয়ে পুরা শরীলত বড্ড বিয়াথা আর উরালা জইর আছে। জইরর লাই ইনজেকশন গরাইয়ে। জইর ভালা অইয়ে, কিনতু শরীলর বিয়াথা ইনও ভালা ন অইর। বিয়াথার অশুয়ইদও খাইয়ে। এক দিন বাদে আবার বিয়াথা গরের। প্লিজ প্লিজ হেল্প ? ?"
7065,"আসসালামু আলাইকুম আঁর ফুয়াইর বয়স ৩৩ দিন। হের মছলা ঐল হাগা গইবার হমায় হে বঅুত জোর মারে। মুন অয় হের বঅুত কছ্খট অইয়ের, আর হাগা গইবার আগে ফানি আহে। আঁই তারে ফ্লাগল, কলিকল, খাওয়াইয়ি কিন্তি কুনু কাম ন'অইয়ে। আঁই কেয়া গইতারি?"
7210,"আসসালামুআলাইকুম। আঁর বয়স উনত্রিশ। গত এক মাস থাকি জিব্বার গোড়া ও গলত কি যেন আটকাই রইয়ে ই-রহম মনে অয়। খাওন-দাওন গরির কুনু সমস্যা অয় না। মাঝে মাঝে আস্তা বেতা অয়। নিয়মিত আদা, গরম পানি খাদ্দে। নাপা এক্সটেন্ড, নেক্সাম মাফস, খাইছি। কাম ন অয়। জ্বর, গাছ, শ্বাসকষ্ট, সর্দি গা-বেতা নাই। পরামর্শ দিইল্লে উপকার পামু।"
6921,"ডিএনসি গইয্যির পরে জরায়ু সুরক্ষাত কীয়ান কীয়ান সাবধাইল্যা গরি ফারি? আঁই ৭ আফতা চলিত অনের পরে ডিএনসি গরাইয়ি, আইজ চাইর দিন। জরায়ু ফেচার গরের সময় মনে অইয়ের নিসত নামি যার, ইতা কি সোজা? ইতার বাইরে জরায়ুত চিন চিন বেথা গরের।"
17595,Translation error: 504 Deadline Exceeded
24926,"গেইয়্যে ১০/৯/২২ইং তারিখ ফরে আঁর জ্বর, হাঁচি লগে শ্যাঁওও আইস্যে। দওয়াই খাইয়্যি নাপা এক্সটেন, মনটিন ১০। এহনওঁ ইস্যাই জ্বর আছে। হাঁচি নো কমে। বিসনা দি উডিবাল্লাই মন নো সারে, এমনে করি শইল্লের দুব্বল্লাই লাগে। এই হালত আপুনরার মশওয়ারা চাইয়্যুঁ।"
7608,"আমার ফুয়ার বয়স ন' মাস, দুই তিন দিন ওইল্যে ফুয়ার এক চউখ লাল ওইছিলো, এইয়ুন দু'চউখ লাল ওই গেছে, আঁর বিশিন চুল্কায় উর চউখ, আতের পিঁছন দি উর চউখ ঘইষ্যে চুল্কায়। ই অবস্থাদ্দে, এইয়ুন কি গইরবার পারি, এইয়ুন গাঁও'র বাড়িত আছি। দয়া গরি জাঁনাইবেন।"
16898,"আঁর বউ'র লগে ছয় / সাত মাস ফরে দেখা অয়। আঁরার তিন বছরর এক্কানা পোয়া আছে। গত কয়া মাস ধরি আঁর বউ'র শরমর জাগা তন আঁধা / বাদামি রঙর পিছলা জিনস বাইর অইয়ের। ডাক্তার দেখাইল্লাইয়ি। আঁরঅ পোয়া লইতে কইয়ের। আঁরার পোয়া আঁইন্অ ছোড, তাই এই সময়ত পোয়া লইতে চাইরাম ন। কি গইরজঅয় ইঁ হতার লাই।"
24234,"সদে সদে আঁর মাথার ডাইন কাইনের উফরের অংশ আর চোখ বউত ব্যথা গরে। সওয়া ন যায় যে ব্যথা ওইলে ডাক্তরের কতা মতে টাফনিল খাই আর আইল্যা বেলাত অমিট ২৫ খাই। এক্কানা সমইয়ের লাই মাথা ব্যথা কমলেও বউত দিন ধরি এইতার কুনু উপায় অর ন। খাস কইরি, যদি দিনের বেলাত নিন্দ্রাই নইলে ফজরের নামাযর ফর ঘুম আইতে দেরি অয় তহন মাথা ব্যথা শুরু অয়। পরামিশ চাই দওয়া আর কুনু বিসেসজ্ঞ ডাক্তার দেহাইলে বেইশ ফায়দা ফামু?"
19279,"আসসালামু আলাইকুম। আশা গরি, বালা আছন নি? গত তিন দিন আগে আপ্নেরত্থুন পরামর্শ লইছিলাম যে আঁর অ্যাঁতা জ্বর, মাতা বিয়া, কাঁসি আছিল। আপনে নাপা ৬৬৫ এমজি, ফেক্সো ১৮০ এম জি দিছিলেন। আঁর এহন জ্বর নাপা খাইলে নাইমি যা যার, কাঁসি নাত্তে, হন্ডে সর্দি আছে, নাক ক্লিয়ার অর ন পারের। এ অবস্থায় পরামর্শ কি?"
5224,"স্যার / ম্যাডাম, পোয়াতি কালেও আঁর পোনরো শফতা চলতেসে। গত দুই শফতা ধরি রাইতত আঁর ফুয়ার ফাত বহুত জ্বলে, ভিজা গামছা ভিজাই ফছি দিলে কিচ্চুক্ষণ বালা ত্থাহে, কিন্তুঁ আঁরতে হেই জ্বলা শুরু অয়! আঁরে এহন কি গরিবার অইব? ফ্লিয আঁরে সাজেস্ট গরন!"
7226,"গইলা ২ মাস ধরি আঁই হাঁডইয়র নারি। মানে আধা ঘন্টাওর বেইশ পাওর উগ্গর খাড়াই থাগ্গেদে অয়ত হাঁডইলে আঁর ডাইন পাওত বাইশ্যে বেথা অয়। কোমরতুন পাওর টাকনা ফরজন্ত রগত বেথা অয়। মন অয় যেনো রগ ছিড়ি যারগি! বেইশসময় খাড়াই থাগ্গেদে অয়ত অ্যাঁইয়ান বেথা শুরু অয়। আগো অ্যাঁইয়ান ন আছিল। হঠাৎ ২ মাস ধরি অ্যাঁইয়ান অইদ্দে। তাও হুদু ডাইন পাওত। অ্যাঁইয়ান বেথা অয় যে চোক্কুত ফানি চলি আহে! এহন কি গইজ্জুম? আঁর আর কুনু সমইশ্যা ন'আই। যেমন: ডায়াবেটিস, ব্লাড প্রেশার ইত্যাদি।"
18799,"স্যার, আঁর পোলার বয়স ৮ মাস ২৭ দিন। গত ২/৩ দিন ধরি হেতের মাতাত বড্ড গরম লাগির। কিন্তু শরীলের তাপমাত্রা নরমাল থায়ে। যেতার লাগি গত ২ দিনত গলা চামচ গরি ৬ বার নাপা সিরাপ খাওয়াইয়ুন অইয়ে। তাই তাপমাত্রা কমি গেইয়ে। কিন্তু কাল রাইতত তাপমাত্রা আঁজি বাড়ি গেইয়ে। তাই আঁজি ১ বার নাপা সিরাপ খাওয়াইয়ুন অইয়ে হতা তাপমাত্রা কমি গেইয়ে। কিন্তু ফজরত আঁজি তাপমাত্রা লাগির। ইবিয়ানে আঁর কি গরিবা জানাইলে বড্ড ফায়দা অইবো।"
4926,"আস সালামু আলাইকুম আঁর মা'র ডায়াবেটিক আছে। ইতার মাজে স্ট্রোক অই ১৫ দিনর লাহান ক্লিনিকোত ভর্তি আছিল। ভর্তি থাইক্কেত তান দুনো পায়র গোড়ালিত ঘা অইয়ে, ই ঘা শুকাইবার দওয়া কি? বা তাইনরে কুন ধরণর বিশেষজ্ঞ ডাক্তার দেখাইয়ুম পরামর্শ দিলে উপকৃত অইতাম।"
26449,"আঁরাঁ নঁয়া বিয়া অইয়ে। আঁরা আঁইলে পুয়া-মাই পন লওন ন চাইরগই। হঁনতান আঁর বউঅরে জম্ম বিরতি গরাঁর পিল খাআইবার চাইরগই, জিয়ান দিনি খাইতে অয়, ইতরা পিল আঁইলে কুন পিল খাইলে বঁল অইব? জিয়ানে কুনো ধঁইরোনের সমস্যা ন অইব। ই পিলর নাম কঁই দিন? আঁর কুন কম্পানির ইতার নাম কঁই দিন দঁয়া গঁরি?"
23080,"২০২১ সনের আগষ্ট মাসত সি সেকশন অইয়ে। এরবাদে বাবুরে ব্রেষ্ট পাম্প গরি মিল্ক ফিডারত গরি খাওয়াইয়ানো অয়। এহন বাবুর বয়স ৮ মাস। এহনও ব্রেষ্ট পাম্প গরিই খাওয়াইয়ানো অয়। এমনেত ব্রেষ্ট মিল্ক ফ্লো আগর থিক্কা কিঞ্চিত কম গেইয়ে। ডেলিভারির প্রায় ২ মাস বাদে থিক্কা রেগুলার পিরিয়ড শুরু অয়। পিরিয়ড শুরু অওনোর দুই সপ্তাহ আগর থিক্কা ব্রেষ্ট মিল্ক ফ্লো মস্ত কম অই যায়। সাপ্লাই নাই ফইলিই চলে। যেইয়াত নরমালি এক বারত পাম্প গইলে ১৫০ মিলি মিল্ক আহে, হানে পিরিয়ডের সমত ৩০ মিলিও ন অয়। ইঁল্লাহ অবস্থাত, সগায় সমত ব্রেস্ট মিল্ক সাপ্লাই ভালা রাইক্কার কুনো"
10500,"আঁর বয়স এক্কুশ, তার লগে হমিলন গরিবার পাঁচ দিন ফর তার মাসিক অইয়ে। তার ফরর যে তারিখত মাসিক অইবার কতা, মাসিক অয় নাই। আর অন হঠাৎ তার বমি অরের, পায়খানা ফাতালা অরের। তইলে কি তাইন প্রেগন্যান্ট? বা প্রেগন্যান্ট অইবার কি সম্ভাবনা আছে? বা মাসিক অইবার ফরও কি প্রেগন্যান্ট অইবার সম্ভাবনা আছে?"
4337,"সাহেব, অক্করগা বাওয়া কানের ভিতরে বিঁদা গইরতারে। এই বিঁদাডা এনন লাগে যেন কটনবাড বা কড়া কিসুর ঠুস কানের ভিতরে লাগিলে জেন্না লাগে। কিন্তু আঁই কুনো কটনবাড ব্যবহার বা কড়া কিসু কানে ডুকাই ন। ভাত বা আর কুনো কিসু চাবাইত গেইলে বিঁদা বেশি লাগে। আঁর কি গইরতাম অইব?"
10724,"আঁই দিনতঅ ঘুমাই ন, রাইতত ঘুম ন আএ, ঘুম আএ বউত দেড়িত, এত্তও আর তিন চাইর বার ভাঙ্গি যার। ঘুমের প্রবলেমর এর লাগি মনডাও ভালো ন। ট্যাবলেট নকটিন ৫ এক্কান গরি খাইরাম ঘুমাইতে যার আগত। আঁত্তে কিচ্ছু ভালো ন লাগের। মেহেরবানি গরি পরামর্শ দিবা, ধন্যবাদ।"
20591,আঁই বেইশশি জাল জাইত্তা কিচ্চু খাইলেই তিন-চাইর বার বাথরুমত যাইবার ফড়অে আঁর টয়লেট গরিবার বঅলত বেইশশি জালা গরঅে। কোন রত্ত ন ফড়অে। বেতাও ন গরঅে। ফেডোও বেতা ন গরঅে। কিত্তে বাথরুম গরিবার বঅলত বেইশশি জালা গরঅে। আঁর বাথরুম গরি ফরিও অস্বস্তি লাগিয়্যে। কি গরিত ফারি?
6603,"আঁর বহু দিন ধরি গোসলর পর শরীল বড্ড চুল্কায় আর এইডা পনেরো-বিশ মিনিট তঁয় থাহে, এরফর আবার ঠিগ অই যায়। ফানিত কুনু সমস্যা নাই, কিয়ল্লাই আঁই ফানি বদলাইয়া চাইয়ি। এরবাদে আঁর ঘরর আর কাইনর এই ধরের সমস্যা নাই। এই হালতত অহন আঁই কি গরি ফারি?"
17784,"ও ডাক্তার ভাই, আসসালামু আলাইকুম। আঁর বউত দুই বছর আগে সিজার অইয়ে। কিনতি, এহনতরি পেট ফোলা ন'কমের। মইধ্যে মইধ্যে পেটোর সিজারর জাগাত বিয়াথা অর। পেট এইল্লাই ফোলা মনে অর যেন প্রেগন্যান্ট। দয়া গরি সমাধান দিলে উপকার অইব। আপোনাক্ক্যা ধন্যবাদ।"
26376,আঁই এক্কিন ব্র্যাক করমি। আঁর্ ফুয়ার বসর আড দিন। গেইয়ে দুই দিন তুন ইতার হাদ্দর লাগের। নঅক দি হোনদা ফানি ফড়ে। হকল ওক্ত ন। হন্ডে ঘুমাইলে নিঃশ্বাস লইতে লইতে নঅকত আওয়ায অর। মনে অর নঅক বন্দ অই রইয়ে। এহন কি গরিবার আছে? ডক্তার বাইয়ের ফরমাশ চাইয়ার।
5885,"আঠারো মাস অইয়ে। ফোয়া কিসুও খাইতো চায় ন। জেইটা দেওন অর ইট্টু খায়, পরে আর ন খায়। অনের দিন ধরি নাকদি ফানি ফড়ে, ফিরাই দেড়-দুই মাস। এলাট্রল আর ডেসলর খুয়াইছিলাম। সাময়িক বন্ধ আছিল, ফের নাকদি ফানি ফড়ে। ইছাড়া ঘুম, ফায়খানা সব স্বাভাবিক। ফোয়া এহনও দুধ হরে। ফোয়ার মা ইট্টু শুকনা আর ফাতলা। ফোয়ার মারও মাজে মাজে সর্দি অর। ফোয়ারে কি কুন ওষুধ খুয়াইতো অইব?"
6329,"আঁই এক্কুশ বছরত পা দিয়্যি। ওজন বায়ান্নো আর উঁচা আঁইচ ফুট আত্ত। খুব শুঁকন শরীল। খানা পিনা খুব গরিরি, তই শরীলের উন্নতি অইয়েরি ন। গোশ মাছ পচন্দ ন, হেইলাই ডইল মটা-মটি ক্যালরি মেইনটেইন গরিবল্লে চাই, তই স্বাস্থ্য উন্নতি ন অইর। অন্যান্ন দিকত খারাপ অভ্যাস নাই, তই স্বপ্নদোষ অয় কিক্কালতত বাদে বাদে। স্বাস্থ্য উন্নতি বা ওজন বাড়ানত কিতা গরা যাইবো, দয়া গরি পরামর্শ দিবাইন!"
14315,"আঁই আঁর শরীল পুরাপুরি চেক ফরাইতে চাই, আঁর কুনো শরীলত ত্রুটি আছে নি না নাই। এই বাতত আঁরে কি গইত্তে অইবো? কঁডে চেক ফরাইতে অইবো আর কি কি চেক ফরাইতে অইবো? পরিষ্কার মাসোয়ারা চাই। মেহেরবানি গরি মাসোয়ারা দি সাহায্য গইর্যুন।"
23796,"বওস তেইশ। পঁচিশ তারিখত ব'অত গুলা শপিংমলত গেই, ঘামাইল গা লই এসিত আছিলাম দুই ঘন্টা মতন। পঁচিশ তারিখ রাতি বিশ মিনিট ঘুমাইয়ি। পরের দিন ফঅরে উইড্ডি ঢাকাতুন চাঁদপুর গেই। হান্ডাতই ফেরত আইসসি। কাওরানবাজারত তিন ঘন্টা জ্যামত আছিলাম, ঘামাইয়ি। পরের দিনতুন হাল্কা আতা ব্যথা। হাল্কা জ্বর, আঁর হিয়া লাগার সমস্যা। আটাশ-উনত্রিশ তারিখত নাকত বেয়াক গন্ধ পচা লাগিয়েরে। হাল্কা জ্বর এড়ি এড়ি আইতো, এই দুই দিনত নাপা এক্সটেন্ড আর ফেক্সো ১২০ রেগুলার খাইয়ি। গলা ব্যথা, সর্দি লই নাক কান আতা পুরা জ্যাম ওই আছে আর শইল দূর্বল লাগিয়েরে। এহন কি গইত্তাম?"
15904,আঁর ফুয়র বয়স ৪ বছর। ই গত ৫ দিন ধরি ঠান্ডা আর শর্দিত ভুগির। ইতার মইধ্যে ফইল্লা দুই দিন কয়া বার বমি অইয়ে। বমির লগে অইশ্যা কফ বাইর অইয়ে। ইতার আঁগে গত দুই বছরত দুই বার ইয়ার বুকত কফ জমার লাই নেবুলাইজার দিয়া অইছিল। এইবার কাশিও আছে অইশ্যা। শর্দি আর কাশির লাই ফইল্লা অ্যালারিড আর বারে মিরাটেন সিরাপ এক চামচ গরি তিন বেলা খাওয়াইর। কিন্তু কাশি কিছুতেই কমের ন। জুর নাই।
16090,"আসসালামু আলাইকুম, আঁর বউত বয়স ৩০ বছর। আঁরার প্রায় ৬ মাস অইয়র একখান বাছা আছে। এহনও বাছারে বুকের দুধের বাইয়্যে কুনো কিলা-কাইল্যা দেওয়া ন অয়। সিজারের মাধ্যমে ডেলিভারি অইয়ে। সিজারের বাদদেওয়া নির্দেশনা অনুযায়ী ৩ মাস ওষধ খাইবার কতা, ইতাও খাইয়্যে। সমস্যা অইয়র অইলদি প্রায় নিয়মিত আঁর বউত শরীলর নানাজোড়া গিরাত ব্যাতা গরের, মাতা ঘুরায়, খাইত মন ন চায়, শরীল দূর্বল। এহনও মাসিক শুরু ন অয়। পরামর্শ দিলে উপকৃত অইতাম।"
26008,আসসালামু আলাইকুম। আঁর বয়স পঁইত্রিশ বছর। আজি হাত দি মটরসাইকেল ঘুরাইতে গরি হঠাত্ করি কোমর এক্কানা ব্যাথা পাই। ব্যাথাডা কোমরর পিছরর জাগাত ডান দিগে। হাইটতে গরি বা উবি থাইকলে বা বই থাইকলেয়ু ব্যাথাডা লাগে। ব্যাথা কমর লাগি শুরুর হালতত হন ঔষুদ লইতত পারি। ধন্যবাদ।
5784,"আঁই < NAME > , আঁই পেট ফোপা সমস্যা লই এজন বিশেষজ্ঞ ডাক্তার বিনয় পাল (গ্যাস্ট্রোএন্টারোলজিস্ট, চট্টগ্রাম) লগে ফুনত কতা কইয়ি। উঁনি আঁরে ম্যাক্স প্রো দিনত ২টা আর অমিডন দিনত ৩টা করি দিইয়ে। ফুঁঅলে একট্টা কতা শেয়ার গইজ্জা ন অইয়ে, এইডা অইল আঁই বহুৎ দিন ধরি খেয়াল গইরজি আঁর বুক্কুর ঠিক মাঝখানত একট্টা বিন্দুত ধইজ্জা একট্টা দুক্কু আছে। আর এইডা বুক একট্টা চাপি নড়াচড়া গইরলে অনুভব অয়। আর যহনই ঘুমায় ন কেন, ঘুমর মইধ্যে একবর অইলেও গল্লার ঠিক নিচত বুক্কুর উফরর ভাগত ঘামত ফোরা ভিজি যায়। এইডা প্রতিদিন ঘুমর মইধ্যে একবর অয়। শরীলর অইন কঁঐও এইভাবে ঘামে ন। এইডা কিয়ল্লাই অয় আর বুক্কুর এই ধইজ্জা দুক্কুটা অওনের কারণ জানাইলে উপকার পাইতাম, ধন্যবাদ।"
10952,"আসসালামু আলাইকুম। আঁর হুরু বইন, বয়স ১৯। তাঁর কয়েগডা দাঁতর মাড়িওত কালা দাগ অইয়ে। বইন কয় আগে কালা দাগ অই গেঁজা দাঁত অইয়ে। আঁই জানির চাইরাম, ওব্বেই কি আর গেঁজা দাঁত অইবো? আর গেঁজা দাঁতত কুনু সমস্যা অইবো নি? অইলে, সমাধানর উপাই কি? ধন্যবাদ।"
18826,"আঁর মার বয়স ৬০ বছর। কয়দিন আগে উনি কোভিড পজিটিভ আছিল। এহন বালা আছে। কিন্তু গঅতো দুই দিন ধরি কোমরর নিঁশ থাইক্যা ফায়র পাতা পর্যন্ত ব্যাথা অনভব গরের। ফা ফেলি হাঁডিঁত আর ঘুমাইত সমইস্যা অইয়ের। এই ব্যাথাত ঘুম ঠিকমত ন'অইয়ের। উনার ডায়েবেটিস নাই কিন্তু হাই প্রেসার আছে। গ্যাস্ট্রিক আছে। ইছাড়াও আর কোন সমইস্যা নাই। উচ্চতা ৫ ফিট ২ ইঞ্চি, ওজোইন ৬০ কেজি। এহন ফায়র ব্যাথার লাই কি অসুধ খাওয়াইতাম ফারুম জাইলে উপকার অইত।"
24659,"আঁর বউঅর বয়স ২৯, ফুয়ার বয়স ৯ মাস, ফুঁয়া দুধু হাঅ। আইগ্গার কয়েকমাস ধরি বউঅর মাসিক ঠিক নঅইয়ারে। শেষ মাসিক ওইয়ে গত ১৫/০৭/২০২২, এইতার আইগ্যা ১৮/০৫/২০২২, আর এহনও মাসিক নঅইয়ে। পেগন্যান্সি’র কুনু সিম্পটম নাই। আঁরা শারিরীক সম্পর্কের মইধ্যে কনডম বেবহার গরি। বউ আঁইয়ের অনিয়মিত মাসিক লই চিন্তিত!"
25046,"মাইয়াঁ'র বয়স ৮ বছর। আচক্কাই দুই বার বমি গইজ্জে, গলাত কিঁ জানি আড়ি রাইখ্যে এমন লাগের। ২ দিন আগে আচক্কাই ৩ বার পাতলা পায়খানা অইয়ে। তাইলে কি পেটত গ্যাস অইয়ের? গ্যাস দূর গইত্তে কি দাওয়াই দিমু? ভালা অইয়ার লাই পরামর্শ চাইয়ের।"
2161,আঁর্ মোঁঅত্ ধলা ধলা দাগ্ অইয়ে। ছাইর বছর আগে এক্কান অইয়েরেদে। অক্কর ময়মনসিংগ মেডিকেইল কলেজ হসপিটাইলর ছালর বিভাগত্ দেখাইয়েরেদি। আঁরে অক্কর এক্কান সাবান মোঁঅত্ বেবরত্ গইরতে দিয়েরেদে। ইঁয়ে বেয়ারামডর নাম 'সেলুন' কইয়েরেদে। আঁর্ লয়্ অউ বেবস্তাডা ন'অ। আঁই কি বেবরত্ গইরতে ফারি?
25580,"আঁই ঢাকার মোহাম্মদপুরতুন হইর। আঁর ফোয়ার বয়স ৫.৭ বছর অইয়ে। দুই দিন ধরি হাঁইশা আর কাল রাততুন জ্বর। ঘুমর বিতর হাঁইশঁতে হাঁইশঁতে উডি যার অবস্থা। মানে ঘুমর ওখঁত ই হাঁইশা অয় বেশি! জ্বরর লাই ওকে কি খাইলইবাম? যেইয়ুন ঠাণ্ডা তুন জ্বর, তারফরও ওঁর ডেঙ্গু টেস্ট করাইবাম নি? ওঁর লাই ইঁওখঁত আর কি কি গরনিয়ো আঁরার? দয়া গরি যদি একট্টা পরার্মশ দিতন। ধন্যবাদ।"
13927,"স্যার, আঁর যৌন সমস্যা। ইয়ার আগে চামড়া আর যৌন বেয়ারামর ডাক্তার দেখাইছিলাম। হিতাত্তে অউষদ দিছিল। প্যানাসিং তিন মাস খাইছিলাম। খাইলে কাম ন'গরে, ন'খাইলে কাম ন'গরে। এহন আঁই কি গরিবার পারি? আঁর শরীলত এলার্জি আছে। আল্লার রহমতত ভালোর দিকা ফায়।"
21516,"গেল এক হফতা ধরি আঁর কোমরত্তুন পাও ফরজন্ত ব-উত বেতা। নাফা খাইলে কমেদে, আবার বেতা অয়। ব-উত কষ্ট অইয়ের। আঁর ওজোইন ষাট'র উপুর। আর অন্য কোন অসুবিদা নাই। এ্যাজমা নাই। পেরেশার নাই। আগে কুনুদিন এই বেতা অইত ন পায়। মাসিক নেওমিত অয়।"
26461,"এক দিন আগো বেডমিন্টন খেইলি আছিলাম, খেইলের পরের দিন থাকি কঁমর, হাত আর ফায়ার রানগুণো ফঁইত বেতা। আইজ্গ্যা আঁর টুর্নামেন্ট খেইলার আছে। কিয়ে খেইলে বেতা কমিবো জানাইলে ভালা অইতো। আইয়ানে বেতা ন'ই কিন্তু খেইলেতে কঁষ্ট অইবো, এলাই এক্কান হেল্প গরুন।"
15476,"আঁর আট দশ দিন থাকি আঁরা গাঅত বেদা। গাঅ দুর্বল অই আছে। গাঅ দুর্বল। মঅত রুছি নাই। মঅ তিতা অই থাহে। জ্বর, সর্দি, কাসি নাই। মগঅর আঁর শ্বাসকষ্টর এট্টু সমস্যা আছে আগঅর থাকিই। নাপা এক্সট্রা খাই গাঅর বেদা বচ্ছর কমি গেয়্যে। মগঅর মঅর রুছি ফিরি ন’র। গাঅ এ্যাক্কাই দূর্বল। এই হালঅৎ কি গঅরিব ফারুম?"
12938,"আঁন কোমরর বেদার কারণে আঁই হাইট্টুম ন'ফারির। ভাই, তিন মাস ধরি আঁবার ই বেদা। আঁর পাওর মাংসপেশি বেদা গরির। এজ্ঞা সরকারি ডঁক্তার আঁরে প্রেসক্রাইব গইরছিল। ওষুধগিন ক্যালবো ডি, ইনফ্লাম, ইসোমিক্স 20, রিলেনটাস। ইব গিন ওষুধ খাইয়াও আঁর কোন উন্নতি ন'অইয়ে। আঁই আঁফনারত্তুন আঁর রোগর সুফল আশা গরির।"
11315,"বাম চঁউর উয়ার পাতাত্ এক্কান ফুড়ি গত ছয়/সাত মাস ধরি দেইক্কের। কুনো ব্যাথা নাই। এক্বার ডাক্তার দেখাইছিলাম, হুনো কুনো অঁষুদ দেয়নাই। কইজিল যে, সিক্রেশন গ্ল্যান্ড এঁর মুঁখ বঁন্দ অঁইয়িয়েরে। গরম ফানির ছেঁকা দিবারে কইজিল। কিয়ন্তে কুনো বদল অঁইনাই।"
20225,৫৫ বচর বয়স অইব্বার আরার আব্বার এক্কান এক্সিডেন্টত পআর তালুয়ার উঁঅরর হাড্ডি ভাংগি গেইয়ে। ২৩ দিন হসপিটালত রাখিরোই। তারা এক্কান শক্ত সাপোর্ট দি এনদিন ব্যান্ডেজ গরি রাখিরোই। হরদিন ড্রেসিং চলির আছিল। ২৩ দিন ফরে তারা ছাড়ি দিইল। আঁর শক্ত এ সাপোর্টডা খুলি দিইল। ইয়াম্মি কুনো প্লাস্টার ন গরাইইল। কইল হাড্ডি গুড়ো গুড়ো অইয়ে তাই প্লাস্টার কামত ন আইবো। পআর ফোলা এহনও পুরোপুরি ন কমিয়্যে। ওষধ চলিরোই। আব্বার হাড্ডি কি ইঁয়ারে এম্নি জোড়া লাইগবো নি? চিকিৎসা কি ঠিক আছে নি?? নাইলে আঁর জোড়া লাগার সম্ভাবনা নাই নি? দয়া গরি এক্কান দিক নির্দেশনা দিয়্যন।
4343,"আঁই আওরত। আঁর এ মাসর ৩০ তারিখ পোয়া অইবো। আঁর এ পোয়া তিন নম্বরঅরডা। সব কিচ্ছু ঠিক আছে, কিন্তুক আঁর জরায়ুর ভিতরত আর দোন রানর চিপাত বড্ড দুক্কর অর আজেগ্গিন ১৫/২০ দিন ধরি। দুক্কর লাই চলন-ফিরন আর কাম গরন বড্ড মুশকিল অই যার। অ্যাঁইয়ুন আঁই কি গরিবার পারি?"
20993,"আঁনর বাইতের মুসিব্বতের লাই এই সোমবার বেয়ানে কোলনস্কফির ডেট দিয়্যে। কেনে এহন বাইত ন'অয়, নলিবোত আঁইট্টা তহের। আর বহুত বেশি অসহ্য লাগে, এক্কানও সহন ন যায়। এহন এইতার লাই ইনস্ট্যান্ট কি উষুদ হাইলে কষ্টডা দূর অইবো?"
463,"আঁই আঁর বাও কানেরে রক্তপাত দেহার পরে, ডাক্তরোর লগে গেইলে, ডাক্তরে আঁরে এক্কান ড্রপ (পনেরো দিনোর লাই) আর এক্কান ট্যাবলেট দেন (সাত দিনোর লাই)। ড্রপ দেওনের পরে আঁর ফোঁয়াতিয়া বিঁধা লাগে। আর কাল রাইতত ট্যাবলেট ইয়ান হাইয়্যের পরে বড় বিঁধাত সারা রাইত ঘুমাইতে ন-ফারি। এহনও আঁর বিঁধা কমেনাই। উল্লেখ্য যে আঁর ওষুধ হাইয়্যের আগে বিঁধা আছিল ন।"
17628,"আঁঁর বউত বয়স ২৪ বছর। আঁঁর বউত পিরিয়ড ডেট ২১ দিন পার ওইলেও আঁত্তুনও পিরিয়ড ন’ অর। আঁরা ৩ বার প্রেগন্যান্টসি টেস্ট করছি আলগা কিট দি। প্রতিবার ফলাফল নেগেটিভ আইয়ে আর ৭ দিন আগেও করছি, ফলাফল নেগেটিভ। অ্যাঁইয়ুন আঁরা কি গরিত পারি? কুনো ট্রিটমেন্ট বা পরামর্শ দন যাঅক। [ আঁরা গত ২ মাস পর, আগের মাসর পিরিয়ডর শেষ দিনত মিলীত অইয়ে। তার সাধারণত ঠিগ সময়ে পিরিয়ড অর। বেশি ওজন বাড়েও ন, কমেও ন। বেশি স্ট্রেসও নাই, কামর চাপও নাই। কুনো পিলও খাওয়াইওন ন’ অইয়ে এর বিওত। আঁরা অ্যাঁইয়ুন বচ্ছর লইতো আগ্রহী ন’ই। আঁরা বেশি মিলীত অইতো সুযোগ ন’ অর।"
2734,"বঅউত দিন ধরি গঅঁড় আর পিঠ এ ডঁয়াঁ জায়গাত বড়ত বেঁতা পাইর, ডাক্তারের কাছে গেলি, ডাক্তার ভল্টালিন - ডি, সেডিল, পেইস - ০. ৫ এ তিন ফরঅনর দঅয়া খাইতে ফঅয়ন। এহন এ দঅয়াঁ খাইলি আঁই হঅন্নর লাই ভালা থাকি, কিন্তি বাদে আঁরঅ সমসঅা দেখা দেয়, এ সমসঅার স্থায়ী সমাদানর লাই কেঁতা গরিত অইব।"
13727,আঁই গইত বারো দিন ধরি জ্বরত ভুগিয়েরে। জ্বর আটানব্বই / নিরানব্বই উরুত ন উডে। নাপা এক্সটেন্ডেড আর জিমেক্স খাইয়ুম। অ্যাঁওনও জ্বর আটানব্বই আছে। অ্যাঁরে আর কি দাওয়াই লইত অইবো? অ্যাঁরে কি করোনা টেস্ট দরকার আছে নি? শরীল মাইঝে মাইঝে বঁহত বেথা গরের। অ্যাঁর আর কুনো সমস্যা ন'আই। অ্যাঁই ডায়াবেটিস রোগী।
2538,"আঁই দেওশ'র বাইর্যে আচি। আঁর ছোট্টো ভাই কাইল্লা রাঁতত দুই তালার উপাত্তুন পরি মেরুদণ্ডর হাডও ভঙি গেইয়্যে। ডাক্তার আঁরে জিগ্গেস গরির‍্যে, হেতারে প্লাসটার করাইয়্যুম নাকি ইসটীলের পাত ইসকুরো লগাই দিতাম। ই বেআপারে যদি ভালা মশঁরা দিঁত পারন। ধন্যবাদ। হেয়ার বঁয়স ২৪, এইল্লাইগা বাহারাইনত আ-ই।"
7298,গত ২ হপ্তা ধরি আঁর বাইরর লগে বহুত খুন বাইর অইয়ের! আর বাইরর রাস্তাত বেয়াক্কেল জ্বালা ফুরা অয় মগুর ইতা খালি বাইর অইবার সমত.. পেয়ল্লাত ভাবিছিলুম এডেলে কুষ্টকাঠিন্যর কারণে এইল্লা অইয়ের মগুর এই কয়দিন আঁর বাইর ঠিক আছে। মগুর বাইরর রাস্তাত বহুত চাপ দি কষ্ট সইজি বাইর গরতে অয় লগে বহুত খুন বাইর অয়.. আইজকা ফাতলা বাইর অইছে অইলেত্তো বাইরর রাস্তাত জ্বালা ফুরা গইজ্যে আর আইজকেও খুন বাইর অইছে!! যেইলা খুন বাইর অইয়ের আঁর কয়ানদিন পর এডেলে খুন কমি যাইবো!! ইতা কি সমস্যা? কি সমাধান গইজ্জুম?
16245,"১। আঁর মা ওয়াক্ত মত কুনো কিয়ু কইত ন ফারে। বেওয়াক্তত ওয়া বেয়াস্তা ওয়াক্তত হঠাত করি কতা ক'ই। এইত সগ্গল্লাই বিরক্ত অই গাইল পাইর। ওই ওয়াক্তত ইবা কুনো কিয়ু ন কইলেও মনে কষ্ট পায়। এই লই সারাদিন চিন্তা গরের আর রাইতত ঘুমাইত ন ফারে। বাদে যেহন সগ্গল কিয়ু ঠিক অই যারগৈ ওই ওয়াক্তত ইবা এই লই ফাটাফাটি গরের কিরে আবার গাইল খায়। এইরহম চলি থাহে।
২। নয়া ওয়া বদলাই যাওয়া হালতর লগে খাপ খাই চলিত ন ফারে।
৩। গরোয়া কামত মন নাই। শুদু গুরিত জাইত চাই, বেওয়াক্তত আছুড়-বাছুড়র সগ্গল্লাইর বাসাত গই ডিস্টার্ব গরের।
৪। স্মরণশত্তিও কমি যারগৈ।"
6924,"স্যার, আঁই এক্কন খেলোয়ার। গত ২-৩ বছর আঁগে আঁর ডাইন পায়ের মাংসপেশীর বিতর হালকা টান লাগছিল। এরপরে ওয়ার্ম আপ করার পর চলি যায়। কিন্তু গত ১০-১৫ দিন ধরি আঁর ডাইন পায়ের মাংসপেশীর বিতর কিরম ব্যথা লাগের। পেনকিলার কিছু কমের, ওষুআইর পাওয়ার শেষ অইলে আবার বাড়ে যায়। এইবাত্তে কি গরিয়ম? বিশেষ দ্রষ্টব্য: করুণা পরিস্থিতির কারণে ডাক্তার দেখাইতে পারির না।"
5260,"আঁই'র বউ'র বয়স তেইশ, তাইনোর ঠাণ্ডা'র সমস্যা অয়। অচানক্কের নাকত্থন ফাইন্নি বাইর অয় আর হাঁচি আহে, কিচ্চিক্কুন বাদ আর হিয়ান ভাল অই যাইয়িগা। এইয়াপানাত দিনত কয়ান বার ইন্নাই অয়। খাছ কইরি ঘুমত্থন উইট্টির বাদ বেয়াক্কে বেশি সমস্যা অয়। ডাক্তার সাব কাশি'র লাই মোনাস ১০ আর রুপা ১০ দিছিলদে। অয়লে এহন কাশি নাই, আর রুপা খাইলে তাইনোর বেয়াক্কে ঘুম আহে। এইয়াপানাত কীয়ান গরিয়াল্লাগিবু?"
25274,"আছলামু আলাইকুম, স্যার, আঁর বউ আঁত মাসের পেটত পোয়া। ঠাণ্ডা আর গতর জালা ফুরাইত আছিল। এর লাই গতখাইল নাফা খাইয়াইয়ে। জালা ফুরা এক্কান কমিল্যে, কিত্তে ঠাণ্ডা এহনও আছে। তালই কামড়ায় আর নাক দি হাঙ্গা পানি পড়ে। এই দশাদ্দে কুন ওষধ খাইত ফারিবো?"
14994,"আঁর মাইয়ার বয়স ৪ বছর ৩ মাস, ওজন ১১.৫ কেজি। কিত্তাও খাইতে চাইত নয়। খাবার উঁয়া দিয়ি লইয়ি বওই থাহে। খাবারত কুনু রুচি নাই। কুনু খাবার পছন্দ ন'গঁরে। চকলেটও হি পছন্দ ন'গঁরে। উঁয়া ভাত দিয়িলে আঁধা ঘন্টা বওই থাহে একরারর ভাত লইয়ি। প্লিজ আঁকটু কইবেন কি গঁইলে হি রুচি বাড়িবো? হি বত শুক্কুর, কি গঁইলে আঁকটু মোটা অইবো? এমুন কি গঁইলে হি আঁকটু মোটা অইবো, খাবারর রুচিও বাড়িবো, প্লিজ কইবেন।"
13579,"বয়স ৩২। তিন বছর আগে পয়লান ফোয়া পেটত ফানি কম অইবার কারণে আঁট মাস সময় বেথা উঠাই জনম দেওয়ার পর আর কনসেপ্ট ন'গরি। তবে আনোয়ার খান মডার্ন হাস্পাতালর মারুফ স্যারর আন্ডারত এক বছর ধরি ফার্টিলিটির চিকিৎসা গরাইরাম। করোনার কারণে আর যাইবার ন'ফারির। আঁর এহন সমইস্যা, সতর দিন পর ফের আঁর মাসিক অইগেয়িদে আর আইজ সাত দিন চলির কিন্ত্ত কুনো বদল বুজিরাম ন'।"
8313,"আঁ-র আম্মুর বওস চলিশ-বিয়াল্লিশ। তেইঁ বওত দিন ধরি ফয়লা এক-দেড় মাহ হাচি-কাসিত ভুগির। গেরামের ডাক্তরররে দেখাইসে, কেন দ-উয়াঁ হাইবার ফর হাচি-কাশি কুঁছু দিন বন থাইলেদে আঁ-রও হাচি-কাসিত ভুগির। ইয়াঁ-র লাই কি গরিত ফারি জানাইবেন, দয়া গরি।"
16194,"আঁর বইনর জ্বর আঁর গলা বেদন আসিল ৫ তারিফতুন, এইর আগে তাইনোর বাড়িত আঁরও ২ জনর এইরহম জ্বর আঁর ঠান্ডার সমইস্যা অইয়ে। ৭ তারিফে তাইনোর আঁর এক্কনঅর করোনা টেস্ট গরাইয়ে। আইজ তাইনোর নেগেটিভ আইছে আঁর অন্য জনর পজিটিভ আইছে। জাঁইয়র পজিটিভ আইছে তাইনোর জ্বর আসিল টেস্ট গরাইবার ৪ দিন আগে। এহন ডাক্তার অলে আঁর বইনর ২ দিনর মাথাত টেস্ট গরাইয়্যিত নেগেটিভ আইছে, আঁরও কাইল্লা দিন বাদে গরাইলে ভালা অইতো। এহন আঁরা বুজই ন' পাইয়্যি কডে আঁরও টেস্ট গরাইয়্যুম তাইনোর?"
24581,আঁর্ ঠাঁরুর চাপাত পাঁচরা জাতর কিচ্ছু অইয়ে। ই জাগাত আইতদিন ময়লা জম্মে। সফসময় ঘামের আর ঘামাইলে কাদর লাঁই অই যায় আর এক্কান গন্ধ বা'রয়। শুক্কন থাইকলে জাগাত্তা পাঁচরার লাঁই খশখশা শক্ত অই যায়। এতার দাওয়াইর উপায় আর অষুধর নাম জানাইলে আঁই উপকার পাইতাম।
17547,আঁর তিন সাল আঁট মাসর এক ফোয়া আসে। কিন্থি মাইছর ফইলা দুই দিন খুব কোমর আর ফেট ব্যাথা অয় হেই লগে খুব আত ফোঁয়া চাবায়। দুই নম্বর বেবী লইত চাই কিন্থি ফরতি মাসতত্তেই মিনিস্ট্রেসন অইয়ের তবে দুই তিন দিন থাঁকে আর ব্লাড খুব কম ভাঙের। কি গইত্তাম প্লিজ কইন।
15886,আঁর ফুয়ার বয়স সাত মাস বারো দিন। ইয়েন কাইল্যা রাইত একটার সময়ত ঘুমতুন উইট্যা কাইনতে থাইকে গা হঁয়া গরম থাইকে। হেতের মা'য় ফোয়াডারে কুঁড়অত্তুন লইয়া কষ্ট গইর‍্যে আঁইবার ঘুম দেঅই। ঘুমতুন উইট্যা। যেই সময় হেতের গাড়ত হঁয়া আথ লাগলে কাইনবার ধইর‍্যে। হেতের মা'য় চইক গরি দেখিল যে কানর তঁলঅত গলঅত হঁয়া ফুলা। এদ্দুনত ফোয়াডা খাওন দাওন গরির‍্যে। বৈয়ি খেলাধুলাও গরির‍্যে। মগার হেতের গাড়ত কীয়ি আথ দিলে বেথা পায়। ইতা কি শুইবার সমসসাতুন অইয়ে নি? কাইল্যা বিকালঅত আর রাইতঅত ভালা আছিল। হটাৎ রাইতঅত ঘুমতুন উইট্যা এই সমসসা। কি গরা যাইবু? সমাধান কিতা? ফোয়াডা গাঁওত আচে।
14144,"আঁন আম্মার গেইয়্যা এক মাইন ধরিয়া মাথা ব্যথা অরিরদে দিনের বড্ডা ভাগত, রাইতত কাঁপনি দিয়া জ্বর আয়, এট্টু ঠান্ডা হাওয়াত ফ্যান ছাড়িলে শীত লাগে, শইল বেজান লাগে হুনাবর। করোনাভাইরাসোর কারণে হসপিটালত/ডাক্তরর আঁতি যাইতেও ন'চায়। কীয়ান গরিলে ভালো অয় জানাইলে ফায়দা অইম।"
11698,"আঁর ফুয়ার বয়স ১৮, এক্কুশ দিন বাদে বাদে বাতজ্বরর ইঞ্জেকশন লয়। এপ্রিলর ৪ তারিখ আখেরী ইঞ্জেকশন লইসিল, করোনা পরিস্থিতির কারণে এতার ফর আর হাস্পাতালত ন গেইয়্যে। পঁচিশ এপ্রিলতুন অষুধ হাইয়্যে। এহনকার পরিস্থিতিতে অষুধ কন্টিনিউ গরিবো না ইঞ্জেকশন লইতেই ফইজ্জিবো?"
22909,"আঁর বয়স ছত্তিশ, আঁই একজন পুরুষ। কিয়তক্ষণ বই থাইলে অথবা নামাজ পড়ের সময় বাম পায়ত বিয়া লাগে। অন যহন হাঁটাতাড়া গরি তহন এক মিনিটের বিতর ইতা ঠিক অই যায়। তবে ইতা কুনো আঘাতর বিয়া নঅ। ই অবস্থাথ তঁরার পরামর্শ চাই।"
11907,শরীল হন হন থাত্তিয়া ওইয্যে আর অনরুম দুবুল লাগে। আইয়ুন নয় যে আদ্দা শরীল একলগে অয়। আঁইক্কা যেইলা ডাইন আ'তর দিক্কান আর পিড অনরুম থাত্তিয়া ওই হেডে ঘাম বাইর অয়। দু হাজার আঠারো ছনর জুনে এক্কা আইয়ুন অইছিলো। বাউ পিডর দিক্কান অনরুম থাত্তিয়া ওইয্যে আর শরীল বহুত দুবুল অই যায়।
16602,"আঁই ১০ বছর ধরি চাকরি গরি। আঁর বওত সমস্যা আছে। ১. আঁই হদায় আনজানি ভয়েত থাকি যে আঁর কাইচ্ছের মানুষ/ পরিবারর মানুষজন যদি কুনু রোড এক্সিডেন্টত মরি যায়। ২. আঁর ৫ বছর ধরি এক্কান রিলেশন আছিল, এহন নাই। ফুইনডা আঁরে বওত ভালোবাসত, আঁইও বাসি। কিন্তু আঁই প্রায় ফুইনডারে এভয়েড গরি চলতাম। কিন্তু ফুইনডা আঁরে কুনোদিন ছারির ন জায়। ই বছরর শুরুত আঁর এভয়েডর মাত্রা বাড়ে যার কারণে আঁইও ওরে ফোন ন দি, ও আঁরে ফোন ন দি। আঁই এহনও তারে লই ভাবি, কিন্তু আঁর ইগোর কারণে ন ফারি। আঁই নিজেরে কষ্ট দি বওত ঘুমর টেবলেট খাইছি।"
6000,"আঁ’র চউগুর উগরর ফাডা কাঁইপে, লাঁফে, ঝিমঝিম গরের, হুনু হুনু বোত বেয়াথা গরের, আওয়াজ হুনলে বোত বেয়া লাগে, চউগুর ফাডা বুঁইজ্যা আহে, শরিল বোত হাধুদি লাগে, সগ্গিন লই ঘাড্যা চিন্তা অয়। আঁবার টেলিভিশন চাইলে বা মোবাইল চালাইলে মাতা বেয়াথা গরের।"
24599,"আঁরে রাইত ২ডার অক্তত হটাৎ নিশ্বাস বইনধ অইয়েরে ঘুম বাগি গেইয়্যে। হুতি থাইক্কা নিশ্বাস লইতে কষ্ট লাগির। এডে পরে ফউরতুন বুক্কের ডাইন সাইডত ফুলি ফুলি, আর বউত বেয়াদা, চালুন-ফিরন গইত্তে গেইলে বুক্কত টান লাগের। হটাৎ ফায়ার গুরলি, আর বুড়া আঙুলর তালুত বেয়াদা লাগির। ফিশাফ গইর্তে গেইলে জাইলা ফুড়ির।"
17131,"আঁর বিবির ফজরাত্তুন মাথার ফোয়ত ডাইন কাইনত হিত্তা বেয়াথা আছিল, কসুন মালিশ গইরার ফোয়ত বালা লাগে হন্ডে দুই ফরদিয়াত ইঁয়ে কইয়ের ইঁয়ার মাথার চান্দিত বেজাত বেয়াথা গরের, এমনকি মাথাও ঘুড়ের, চঁউও মেলিত ন ফারে। আঁই এঁরারে কুন দাওয়াই খাওয়াইতাম ফারি?"
3070,"আঁইয়ার বউ'র পলিসিস্ট ওভারি'র সমস্যা আঁসে, হেরল্লাই মাসিক অনিয়মিত অয়। ডাক্তার তারে গায়ান ৩৫ খাইতে দিইয়ে। ইডা খাইলি মাসিক নিয়মিত অয়। মগর আঁরা এহন বেবি লইত চাই। এবালে গায়ান ৩৫ খাইলি কি কোন সমস্যা অইবো? আর বেবি লইত অইলে কি গরিত অইবো?"
8186,"গাড়োত আঁত বেয়াথা, ঘাড় এক্কেরে কুনো দিকতও গুরাইত ন পারি। আইল্লা ফোঁয়া ফইরতুন হটাৎ করি এ আঁত বেয়াথা গরির, এত্তুকও কমের ন। এ্যানিকি ঘাড়র বেয়াথার লগে মাতার বাম অংশ আর দোন আতও আঁত বেয়াথা গরির। শুই থাইলে একেলা উডি ন পারি, কাইয়োক টানি তুলিবারে ফড়ে। কুনো ভাই দয়া গরি কওক কিয়া গরিবার পারি এই ঘাড়র বেয়াথা ঠিক গরিবার লাই?"
2733,"দেশর বাইরত যাইবার লাই ডাক্তারি পরীক্ষা গরানির ফর রিপোর্টত বুকত সমস্যা পাইয়েদে, যেই সমস্যাটা স্মোক আর ঠান্ডা এই দুইডা কারণত অইবার ফারে, ডাক্তার কইয়েদে। এহন ৭-৮ দিনের ভিতর এই সমস্যাটা সমাধানর উপায় কি? কিলা বুকের এই সমস্যা থাকি মুক্তি পাই ফারা যাইবো?"
15913,"আঁর এংজাইটি সমস্যা আছে। আঁই এন্টি ডিপ্রেশনর মেডিসিন লইয়ে। আজকাল কতা কইতারে আঁই হাপাই পরি। এইডা কি এংজাইটিত্তুন অইয়ারে? এজ্মার ঔষুধ দিছিল কিন্তু ইয়ান খাইলে আঁর গা কাঁপের, পালপিটিশন অয়। এই পর ঔষুধগুলা বাদ দিয়ি খালি এংজাইটির ঔষুধ দে। তইলে কি ধরি লইয়ুম এজমা নাই? আর এংজাইটিত্তুন সমস্যাডা অইতে পারে?"
5556,"অইল্লু স্যার, আঁর এগ্গো দোস্তুর নাগর দুবাজে আচিঁ। আঁন-দুন ফওত আচিঁ বাড়ে আর তারর ছঁড়িঅততুন আঁটু ওওর ঘা অইয়েইল। এহন ওওষধ খাই এক্কালেও ভালা। কিন্তুই এহন ছঁড়ির দাগঅউন্নী ন’যায়। দুগ্গো বছর অই যারগে ঘা ভালা অইয়েদে। এহন ছঁড়ির দাগঅউন্নী যারলাই কি কি ওওষধ লাঁইব? আর নাগর দুবাজে আচিঁর লাই কি ওওষধ বেবহার গইরতে অইব? দয়া গরি জাঁনাইবুন।"
24975,স্যার আঁই মোটর বাইক এক্সিডেন্ট গইর‍্যে। আঁর বোগত হালকা চাপ লাগের। আঁই ফরি গেইয়ুম। আঁর ছারা শরীল ব্যাথা গরের। তেমন হার ভাঙি ন'গে মন অয়। তেমন কুনু বেশি ব্যাথা নাই। ছামাস্ত শরীলের মাংশ পেশী গিন ব্যাথা গরের। আঁরঅ আঁই ব্যাথার লাই কি ঔষুদ খাইতাম ফারি বা কি গইরতাম ফারি?
15290,"আসসালামু আলাইকুম। আঁর বাপে কাইল নিসা অই জুতা উডাইবার গেই কোম্বরত মছড় খাইয়ে, আর সিধা অই হাইটাচলা আর বইতও ন ফারিরদে ঠিক মত। রাতি বাথরুম গরিত গেই আর টিয়াইত ন ফারিরদে হেইনেউ বড্ডা জোড়ে আরেকবার টান খাই মেঝত পড়ি গেইয়ে, এহনও আর হাইত ন ফারের, ধরি ধরি হাইডান অইয়ের, কোনবাও বাথরুমর কমোডত বইত ন ফারের, বিছানাত আঁরার সাহায্য লই শুইয়েদে আর কাত অইতও ন ফারের, কোম্বরত বড্ডা জোড়ে টান খাইরদে। এহন আঁরার কি অউশধ দিয়ান উচিত আর ভিডিও কন্সাল্টেন্সি গরাইলে কি অরথোপেডিক ডক্ক্টর দেখাইয়ুম? প্লিজ জানাও।"
14056,"আঁর্ গেলা দুই মাস তুঁন বহুত ঢেকুর উডে, খাছ কইরি নামাজত দাঁড়াইলে। এই মাঁইশ্যাঁর পাঁজ তারিখত জ্বর আইসিল আঁট দিন। দোছরা দিনত বিকাল তুঁন অনবরত ঢেকুর উডিত থাকে ফায় ফজর পইয্যন্ত। বিয়ানা তুঁন কম উডে। পঁরত জিম্যাক্সস হাত টা খাইয়ি লগে মডিগাট, সারজেল, রুপা। এহন জ্বর নাই হন্ডে ফায় ঢেকুর উডিরা।"
13566,"সাব, আঁর বইন বয়স চৌব্বিশ। এক মাস আগে অঠাৎ তার আঁত-ফাই ঠাণ্ডা অই খিঁচ মারা শুরু অয়। হুনাত্তুন গরম সরিষার তেল মাখাই। কিছু সময় বাদে খিঁচ থামে। এক মাস বাদে আইজও অঠাৎ তার আঁত-ফাই ঠাণ্ডা অই আইতে থাকে। দাঁত আঁটি যার, দম বন্ধ অই যাওয়ার লাহান অবস্থা অয়। তার আঁত-ফাই প্রায় সব সময়ত সাইবির চেয়ে ঠাণ্ডা থাকে। অউ অবস্থায়ে কী গরি পারি?"
3472,"আঁ'র আথার ঠিক ওব্বুরে মাজের বরাবর এগা হউর আচিল অইয়ে। মাজে আঁই এক হপ্তাহ হোমিও হাইয়ুদ্দি এক্কান কমিয়িল, তারবাদ আর হাইয়ুদ্দি ন। এহন ইতা আগেত্তুন তুলনামূলক এ্ক্কান বার্ইয়ে। এই আব্বাত্তি আঁই কিরে হরিবাত্তি? ইয়েন কি অ্যালোপ্যাথিক ন ফারা হোমিও ট্রিটমেন্টত পাক্কা হরমত পাওয়াজিবো? আর এমন কুনো মেডিসিন কি আছে যেইতা ব্যববার হরিরবাদ ইয়েন মুইদ্দা ফালানত পারাজিবো? যদি এগা বালা সাজেশন দিতাইন, তইলে হোরা ফায়দা অইতাম। ধন্যবাদ জনাবে ডাক্তার, মেহেরবানি রইল - ডাক্তার ভাই ( বাংলালিংক পরিবার ) ।"
21431,"আসসালামু আলাইকুম। আঁর ফুয়াঁর বয়স ৩.৫ বছর। গত দুদিন ধরি জইর প্রায় ১০০ - ১০২ এর ভিতরে উডা-নামা গরির। লগে আইজ্যেত্থুন হুকনা কাঁশি আর নাক বন্ধ আছে। কিচ্ছু হাইত ন' চের। কাঁশি দিনত আওয়াজ অয়। ২ দিন ধরি ২ চামচ ৪ বার নাপা সিরাপের লগে ঠান্ডা আর কাঁশির জইন্যে আইজ্যেত্থুন ১.৫ চামচ ২ বার গরি লিভোষ্টার আর টোফেন সিরাপ হাইর। আইজ ৩য় দিন চলির, জইরডা থামি থামি আইয়ে। ইঁ হালে জইর আর ঠান্ডা কাঁশি কমনের জইন্যে অন্য আঁর কোন ওষধ লাগিব নি মেহেরবানি গরি জানাইবেন।"
14880,"পেশাব গরিবার পরেও আঁড/দঁশ মিনিট ধরি ঢিলা লইলেও ব-সমইত মনঅ অয় পেশাব ঝরি যারগই, আঁই ইডা ব-অংক্ষে ব-জিয়াদা অয়। আগে ইউরোলজিস্ট দেখাইছিলাম। কমছিল, ইঁঅঁ আবার বাইরি গেইয়ে। উম্বর - তিশ। দওয়া, ওসারটিল ৫০ খাইর ৫ বচ্ছর ধরি। ঘরঅর তেগিয়া সবারেই প্রেসার আছে।"
21291,"আঁই লাইটেস, কার, ন'অয় সময় সিএনজি'ত চড়িলে বমি গরি আঁর মাধা বিঁধঅ। আঁই এই ডরত ডুরাত কঁঅইওঁ ঘুরিবারে ন'জাই। আঁই মাধা বিঁধলে আঁর বমি গরিলে ৩/৪ দিন আঁর মাধার স্মৃতিশক্তি কমি যার, ব'অত সময় যেইয়ান আঁর চিনা পুয়ার নাম ভুলি জাই, সময় লাগের মনে গইত্তে, ন'অইলে কেই কুনু সোজা বিষয়ত সওয়াল গইরলে আঁইরে, লগে লগে জ'আফ দেওন ফায়, কিন্তু ইডা আঁরে চিন্তা গরি দেওন ফরিব, এই প্রবলেম আঁর।"
24644,আঁর বউওর বয়স ছাব্বিশ। আঁরার এক বচ্ছরের এক্কান বাইচ্চা আছে। এহন সমস্যা অইছে আঁর বউওর গর্ভ অই গেছে। পিরিয়ড ডেট পনেরো দিন পার অই গেইয়ে। আঁর পইলা বাইচ্চা সিজারত অইছে এইল্লাই আঁই এহন বাইচ্চা লইত চাই না। কি গরি ফারি যদি এক্কান সাজেশন দিতন বড্ডা ভালো অইতো নঅইলে কি দাওয়াই ব্যবহার গরি ফারি?
19465,"আঁর অন্ডকুষত এইলা সমস্যা ক্যান অয়, মেহেরবানি গরি কইন। বাঁ পাশত স্বাভাবিক যিরকম সবাইর মনত অয়, অনুভবই ন'অয় অন্ডকুষ আছে, ওরেরমই আঁরও। কিঁতু ডাইন পাশরডা মনত অয় এইকানত অন্ডকুষ আছে। আঁর ধইলে কেনো এক্কা বেথা বেথাও অনুভব অয়। সব সময় মনত অয় ওডে বেথাইরদ্দি। আল্ট্রাসনো গরিজি, রিপর্ট আইসে স্বাভাবিক, কোন সমস্যা নাই। কিঁতু ওরেরম সমস্যা অয়। এহন বুজি ন'পারি কি গইরম, মেহেরবানি গরি আপনারা এক্কা অষুধর নাম কইনদি।"
21041,আঁই গত বছরত্তুন ফ্যাটি লিভার গ্রেড - ১ ও ভুগির। এর ফরে ডাক্তরর পরামর্শ মানি প্রায় কয়মাস মেডিসিন খাইছি। এর ফরে আর কন্টিনিউ ন'রাইখ্যি। আইজকাল শরীল খুব দুর্বল লাগের। এর লগে লগে ফাজরর হালকা ওয়রত ব্যাথা লাগের। ডর লাগের। ইতার ব্যাপারে আঁই কি গরিত ফারি??
23070,"আসসালামুআলাইকুম , ভাই আঁর বউর পৈল্লা পোয়া অনার পর ইম্প্লান্ট গরাইছিলাম কিন্তি ইম্প্লান্টেশন গরাইতে বুত বাইজ্জা ব্লিডিং অয় । এতার লাগি ইমপ্লান্ট খুলি ফেলাই আর ডাক্তারর পরামর্শ মতন মারবেল অন পিল খাওন অয় আর ইবা তিন মাস খাওনের পর বঁন্দ গরা অইয়ে , এহনকার সমত তাঁর শরীরর অবস্থা খারাপ আর মাহত তিন থাকি চাইরবার মাসিক অয় , একটুক পরামর্শ চাইয়ে ।"
8297,"আঁর আম্মার ৭/৮ দিন আগে কাঁইশ্যা আর আঙ্খুন জ্বর ( ৯৭/৯৮ ) আইয়ে। তুনত্থ্যুক্ক্যা নাফা আর এজিথ্রোমাইসিন শুরু গরি দিই। এহন ৫ দিন ধরি খালি জ্বর আচে, মিক্কে কাঁইশ্যা, সর্দি, শ্বাসকষ্ট নাই। জ্বর বেশি অইলে ১০০ অই যায়, আবার নাফা খাইলে কমি যায়। এন্টিবায়োটিকের দোজ আইজ শেষ, মিক্কে জ্বর এহনও ভালা ন অইয়ে। এই হালতত কি গরতাপড়ি?"
2375,আঁর আঁম্মুর গত ১০ - ১২ বছর ধরি কাশি অইরহ্যে। বহুৎ পরীষা গরাইছি অইলে কুনো রিপোর্টত কিচ্ছু দেহা জিয়্যে ন। এইল্লাই এহন আঁই কি গরিত পারি? কুনো বিষেশজ্ঞরে দেহাইয়ুম? কুনো কিচ্ছু ঘ্রাণ লইত ন ফারে। ঘ্রাণ লইলে কাশি আহে। কাশি মারিতে মারিতে গলা বন্ধ অই জিয়্যে। বহুৎ ডাক্তার কইয়্যে এলাজী।
1097,"আঁনর বাফর উমর ৪৭, তাইনঁর ইছা মদ্যে এক্কানা টিউমার আর এক্কানা পাইলছের অপারেশন অইয়ে। টিউমার অপারেশনর পরত্তুন ই বাফর ঘন ঘন কইতে খাইবার লগে লগে বাথরুম অয়, আন্দাজত দিনত তিন-ছাইর বার। মাজে মাজে শরীল দুবলা অইলে বমিও অয়। ইতার মদ্যে আঁরার কি গইজ্যুম?"
11717,"আঁর বাপর বয়স তিপ্পান্ন-চুয়ান্ন বছর। হঁই গত আষ্ট দিন ধরি হুরোইত বেতা আর জ্বর অনুভব করের। উনার করোনা ভাইরাসোর কুনো উপসর্গ তেমন নাই, হুদাই হুরোইত বিভিন্ন পয়েন্টত বেতা (যদ্যপি আঁর বাপর আগে থিক্কাই হুরোইত হাডত সমেস্যা আছে আর এই সমেস্যার লাইগ্যা বিশেষজ্ঞ ডাক্তারোর পরার্মশ লই ওষুধ খাই আছের) আর রাইতোর দিকে জ্বর বাড়ে কিন্তু হাগলদিন মোটামুটি ভালো লাগে। হকাল থিক্কাই বিয়ালতাক্কান হুরোইত তাপমাত্রা স্বাভাবিক থাকে, কিন্তু হান্ধার পর থিক্কাই হurোইত তাপমাত্রা বাড়ে যায় যার ফলে জ্বরও বাড়ে যায় আর হাগলরাইত ঘুমাত বড় কষ্ট অয়। এহন এ অবস্থায় আঁর বাপর লাইগ্যা কিয়া কিয়া ওষুধ লওয়া যাইবো নি? মেহেরবানি গরি বিশেষজ্ঞ ডাক্তারোর পরার্মশ চাইয়ুম।"
4898,"কিস্সুদিন ধরি আঁর ডাইন ফোঁয়ার আঁঙ্গলের মইধ্যে ফোঁয়াইত ফানি ডোস বাইর অইলে, আঁই ফানি বাইর গরি ছালখান টানি ফাইলাই। চুলকুনির বাদে চাইরপাশে ছাল উডি গ্যাছে, এহন ঘার লাহান অই গ্যাছে, ন শুক্কায়। আর ফাড়ার নক্‌ত একই রকম অইয়ার। আঁই এহন ফইর্যন্ত কুন দ’য়া খাই ন। কিন্তু হালত এহন ব’ল্লা মনে অইয়ার। ছাল উডি গোস বাইর অই গ্যাছে। ফিলিছ আঁফনার মছোয়া দিয়্যি আঁরে মদদ গইরেন।"
15784,"আঁর ভাইয়র বয়স ২৬ (ছাব্বিশ) । তলর লক্ষণবুর দেখা দিরগিদে -
লক্ষণঃ
# শইলত কমজুরি আছে।
# মাতাত বেতা আডা আডা আছে।
# গলা শুক্কি যায়।
# ঘ্রাণ একদম নাই।
# ছর্দি নাই, কাশির আছে, তবে হুক্কা কাশির।
# বুক ভতর গঁরম অই যায়, বাইর ঠাণ্ডা।
করনা সন্দেহ গরিরদে। তোঁয়ার মতামত আর পরার্মশ আঁশা গরিরদি।"
16853,"শনিবারে রাইততুন জ্বর আইস্যে। ১০২ আছিল। আর লগে সর্দি আর হাঁসি। মুখর সোয়াদ এহনও ন’গেছে। আজি জ্বর নাই আঁইলে গলার মইধ্যে কফ জইম্যেদে বুঝির পারি, হাল্কা কাশিও অইয়ের আজি, আর সর্দি আর হাঁসি তো আছেই। শনিবারে রাইত আর কাইল সারাদিন মিলাই ৪খান নাপা খাইসি শুধু। এহন কুন অষুধ খাইয়ুম?"
11795,"আঁর আব্বা বহু দিন ধরি ডায়বেটিস এ ভুগির, হেতের গতর দিনদিন খারাপ অইয়ের। হেতে কুনু কিসসু খাইতো ন পাত্তে, খাইতো গেইলে উল্টাই ফেলে। হেতে ইনসুলিন লয় নিয়মিত। গত বছর রমজানত এম্মুন অইছিল, খাইতো ন পারছিল। এহন কি গরিত ফারি এই পরিবেশত? ডঃরে ঠিক মত ফাইর ন।"
13130,"আঁর কইমবেশি ২ বছর ধরি হিনেমিনে নিশ্বাস লিতে সমস্যা অয়। আঁর বয়স ৪০ বছর। মেডিসিন ডাক্তার কইয়েরে, টেনশন আর এলার্জি কারণত সমস্যা অই পারের। ইঁন (মোনাস১০) খাইতঁন কইয়েরে, কিন্তু সমস্যার সমাধান ন অইর। কিতা গরিবার পারি? / কিতা মেডিসিন খাইতঁন পারি?"
13749,"আঁর দাউদ অইয়ে কুঁচকাত, রানর চিপাত বওত বড় জাগা জুড়ি অইয়ে। আট মাস ধরি এই সমস্যা। আঁই বওতগুন ট্যাবলেট ক্রিম এক্কুশ দিন করি ব্যভার গইজ্জি। যেমুনঃ ফ্লুগাল, বেট সিজি মলম। এর ফোয় ফানজিডাল এইচ সি লগে ফ্লুগাল। এর ফোয় চুল্কা আঁরও বেশি অইতো, সইজ্জু গইরতে ফাদ্দেঁ ন। এর ফোয় এজন মেডিকেল বিশেষজ্ঞর তুন ইট্রা, ন্যাফগাল আর জাইরিল এর লগে জোলাইট সপ ব্যভার গইজ্জি, কাম ন'অইয়ে। এর ফোয় এহন মাইক্রোফি মলম আর মাইক্রাফি ট্যাবলেট ব্যভার গইরত আছি। অইলে এইডা একটুক কমলেদেও মাঝেমইধ্যে এইডার উব্বরে ফুসকুড়ি অই যার। এহন আঁই কি গইরতে ফারি?"
23227,আঁর্ বয়স ১৭ বছর। প্রায় ৩ বছর আগে সাইকেলতুন পড়ি ডাইন আথর কুনইত আঘাত পাইয়্যি। এরপরে ওষধ খাইয়্যে কিছু দিন ভালো আছিলো। কিন্ত অনক দিন ধরি কুনু ভারি কাম গরলে আথত ব্যথা গরে। এম্মা বেশিক্ষন লেখালিখি গরলেও কুনই জয়েন্টত ব্যথা গরে। লেখার গতিও কম। ইবা কুন ওষধ হাইয়্যম?
13517,"আঁর্ গইছ ছয় মাস ধরি গ্যাস, আঁরে যেইতা খাই হেইতা সহজে হজম ন'অয়। এন্টাসিড সিরাপ, কারমিনা সিরা খাইছি আঁরে মেজামেজে সারজেল খাইছি। এইঁন যেবইলা খাই হেইবইলা ভালা থাহি, ব'ট বাদে আঁর একই অবস্থা। মেহেরবানি গরি কইবেন আঁই কি ওষধ খাইতাম ফারি আঁরে নিয়মটা (দুই বছরত দুইবার, দুই বছর ধরি গ্যাসফ্রম অই রইছে) কইবেন নি?"
23954,"আসসালামু আলাইকুম। আমার ফোয়ারার বয়স তেরো বছর ছয় মাস। ওজন তেরো কেজি তিনশ গ্রাম। গোয়াজ দুইদিন ধরি সর্দি কাশি। হউর দিন কাশর মাত্রা ব-শ বেশি আছিল। পুয়া রাইত ব-শ বেশি কাশি অইয়ে আর কাশি মারিতে মারিতে ক-য়ক বার বমি অইয়ে। দুইদিন ধরি টোফেন সিরাপখান খাওয়াইছিল, তারপরেও কাশি নো কমিল। এহন সর্দি আর কাশি চলিরদে। ই মূহুর্তে কি গইরত পারি? বিদ্রঃ ছোটবেলা থাকি তার খানা-দানার ওফরে আগ্রহ ব-শ কম। যহনই খাওয়াইতে অয় জোর গরিই খাওয়াইতে অয়। আপ্নোর লাইও কি গইরত পারি?"
13385,আসসালামু আলাইকুম। আঁর উম্বর চুয়াল্লিশ বছর। আঁর বায়ঁ ফাওর পাতার উপরিঅংশর মাঝাত গত তিন দিন ধরি খুব জোর বিষ অর। হাঁটাচলা গরি ন্-পারির। অথচ আঁই আঘাতও ন্-ফাইয়্যি। ইশশা ফুলিও আছে। আঁর উচ্চতা আর উম্বর হিসা গত ওজন ঠিক আছে। আঁই কি গরি ফারির দয়া গরি জানাইয়্যুন।
6788,"গেইয়্যা একমাস ধরি জ্বর জ্বর লাগিয়ার। শুরুত এক হাপ্তা ৯৯+ জ্বর আছিল। এন্টিবায়োটিক সহ দওয়া খাইয়্যিদে, বাদত গা গরম থাহে কিত্তু শরীলত তাপ নর্মাল পাইয়্যে। হুনু হুনু শীত শীত লাগে, হান্নিয়া গলা বিসা সহ শরীলত বিসা লাগে। পেশাব পায়খানা নর্মাল, খানা খাইতে সমস্যা ন অয়। এই হালত কি গইরতাম? একমাসোতক বেশি সমওত কি করোনা ভাইরাস টিক্কি থাইক পারিবো নি?"
19519,"আঁর প্রায় সারাবসর শুক্কন কাঁশি লাইগ্যাঁই থাএ। বহুতবার স্পেশালিষ্ট ডাক্টর দেহাইয়ুম। বুক্কের এক্স-রে, কফ, রক্ত পরিক্কা করাইয়ুম। প্রায় সব ডাক্টরই কইয়ে কোল্ড এলার্জি। ওসোধ দেওনে কিসুদিন কম থাএ, আঁর ফির আগরর লাহান কাঁশি শুরু অয়। আঁই এই কাঁশি লই বহুত চিন্তিত। স্থায়িভাবে কি আঁর কাঁশি সারানির কুনু উপাই আছে? মাজে মাজে কাঁশির কারণে বুক্কু পজ্জন্ত ব্যাতা অই যাএ। আঁই কুনু ধরণর নেশার লগে যুক্ত নাই, ধুমপান ন গরি।"
14179,"রাইতত মাথা ঝিমঝিম গরের, ঘুম ন'অর। কি গরি ফারি? কোন ঘুমর ওষুদ খাইয়ুন কি ঠিক অইবো? আইজ ব'ত দিন ধরি এই পেরেশানিত ভুগিয়েরে। ক'ত ঘন্টা ঘুমাইলে শরীল ভালা থাইবো? এখ্খন আঁই ডেইলি ক'ত লিটার ফানি খাইত ফারি? মাসত ক'তবার সহবাস গইর্যুন শরীলর লাই খতি ন'অ?"
21328,"আঁ'র কাজিনর (মাইয়াপোয়া) গইল্লার বাম হাশত কিসু জাগাত গুটি গুটি অই ফোলা আছে (টিউমারর লাহান) । পইলাত হিয়ান বউত ছোড আছিল, কিন্তুক এঁহন হিয়ান কিসু বড অই গ্যাছে । দিইরলে দুক লাগে । মাঝে মাঝে কিসু ফুঁইলে উইটঠে, হেইসময় দুক বাড়ি যার । ইয়ান কি অই পাড়ে? পরামর্শ চাই ।"
3927,"আত্তর রগ ফুড়ি যারগা, আবার বই যারগা। যেইক্কা রগ চিক্কন অই যারগা, হিয়াত্তুন আতত বারি কিচ্চু লই তেঁয়াতইলে সাভাবিক অবস্তাত ফিরি আয়ে (ফুড়ি যারগা) এন্নি কাটাভাব ছারি দেয়। ইতা কিত্তর রোগ? কিল্লায় অয় ইতারিক্কিন? কুন স্পেশালিষ্ট-ও'র গেছে যারগা লাগিবু?"
21117,"আঁর হাইখানা অয় ন, নলিতোত আঁটি রইয়্যে, বড্ডা বেতা অয়। এরপরে আঁরে সারজারি ডক্তর কোলনস্কপি, থাইরয়েড আর এক্কান এক্সরে দিল। বাদোত সব রিপোত্ত দেখাইলাম, কইল যে সব বালা, কুনু সমস্যা নাই। এরপরে নলিতোত হাইখানা আঁটি রওনের কতা কইলাম, বেতার কতা ও কইলাম। বাদোত অউষুদ দিল। কিঁন্তি এহনও কুনু কাম অইল ন, আগের লাহান ই সমস্যা। এহন কি গরন লাগিবো? কওয়ার কতা অইলঃ আঁর দুই মাস আগে জরাই অপারেশান অইছিল। ইয়ানর আগে কুনুদিনও হাইখানার সমস্যা আছিল ন।"
20777,"আঁই ন'আইর ফেশাবের ফরেশানি লই প্রায় তিন মাস ধরি কেথেডা লাগাইয়্যে। জাইন্নন যে, ক'এক্কান কেথেডা বদলাইয়্যুন গই, পনের দিনর বেইশই রাইক্কন ন'অই। ক্যেনতে তার ফেশাব পায়খানা এহনও স্বাভাবিক ন'অইল্লে। এই হালতত আঁই কি গরি ফেয়ারি? জাইন্নন যে, হে ছাদত্তুন লাফ মারিছিল, যেই কারণত তার মেরুদণ্ড ভাঙি গেইয়্যে আর ফায়ার হাডাত জখম অইয়ে।"
15995,"গত বুধবাত্তুন জ্বর (আইজ লোই ছয় দিন)। জ্বর নিরানব্বই - একশ' এক ডিগ্রী এর বিতরে থাহে। জ্বর হাইন্ন্যা পানচ-ছয়টার সময় আহে আর ফজরর আট-নয়টা ফউরযন্ত থাহে। মাতাত আর গাড়ত এক্কান ব্যাথা। কাহি নাই, নিশাসত সমইস্যা নাই। ঠান্ডা জনিত কিচ্ছু নাই। রুগির এজমা আছে। পানচ দিন ধরি প্যারাসিটামল খাইয়ের দুআট্টা কইরি।"
2042,"আঁর আব্বা, চাচাইর আর দাদাইর মাতাত টাক আছিল। আঁর বয়স ত্রিশ। এহন আঁর মাতার উপুর মাঝা মইদ্যে চুল বউত কমি গেইয়্যে। চুলত হাত দিলেই কমসে কম ছয় / সাতটা চুল ঝরি ফড়ে। আঁরে সহজ আর কামে লাগের উপায় জানন। ন অইলে চুল ফাইরের চিন্তাত আঁর আরাউ চুল ফইরি যাইবো . . ."
6286,"স্যার, মাসখানেক আগে আঁর জ্বর, কাঁশি আছিলো। ওষধ খাইবার পর ভালো অই যায়। কিন্তু কাঁশিডা আঁহনও মাঝে মইধ্যে অয়। রাইতত হুইবার পর বেশি অয়। নরমাল কাঁশির লাহান খুসখুইসে ন। মনে অয় বুক্কুর ভিতর থাকি কাঁশিডা বাইর অইয়্যে। কন্টিনিউয়াসলি ও ন অয়। দুই-চাইরডা অয়। আঁরার ওতো আধাঘন্টা - একঘন্টা পরে অয়। কফ ন অয়। আঁর কুনো প্রব্লেম ও নাই। খাইবার পর বেশি অয়। কিয়া ওষধ খাইতে ফারি?"
6670,"ক'য়েক বছর ধরি আঁর উপরার হঁডির মইদ্যের জাগাত চামড়া উডি যায়গই। চামড়া উডার লাই এই জাগাডা গর্ত অই গেইয়ে। এইয়া লই আঁই বড্ড পেরেশান আর বিব্রত হালতত আঁছি। দিনত ক'য়েকবার লিপজেল লাগাই, তাও চামড়া উডে। এই সমস্যার সমাধান দি আঁরে নিশ্চিন্ত গরন প্লিস!"
3098,আঁঁর বউউর বয়স তিরিশ বছর। হটাৎ আঁ কদ্দিন ধরি এইর হাত-পাই খুব জঁলা পুরঁই। বিশেশ করি হাইট্ঠুুর তঁলত্তুন হাইত আঁসঁহ্য বঁথা অর। এইর মাসিকর সমঁস্যা আছিল। এক মাস আগে ডঁক্তারঁরে দেখাইছি। ডঁক্তরে নরমেনস নামর এক্কান টেবলেট দিয়েরে। যেগুঁলি খাওঁনের পরত্তুন এইর মাসিকর সমঁস্যা সলভ অইয়ে। এহন আঁপাতে পা জঁলা পুরঁনের লাই কি কুনু দঁওত দেঁওন যাইব? যদি দেঁওন যায় তৈলে মায়াকঁরি দঁওতর নামঁগুঁলি এট্টু কঁইবা।
11890,"০১ . আঁর বয়স ২৭ , আঁই লুক্কা কথা বেশে ভাগই পেইডৎ রাইক্কন ন ফারি । ০২ . কোনো খাম গরির মন ন চায় , লেখাপড়া গরির মন ন চায় । ০৩ . ইনন্সেস্ট এল্লাইকাত থাহি আঁই এই ধোনের সম্পর্কতুন দূরঅ থাইক্তন চাই । ০৪ . মনঅরে কন্ট্রোল গরির চাই , কি গইলে আঁই ইবা ফারিয়ুম ।"
15287,"আঁর নাগত কুনু সর্দি নাই, এর পরেও নাক বন্ধ থাহে, নিঃশ্বাস ছারিতে বাইদ্যে অয়। এন্টাজল লইলে গলার ভিতরত চলি আহে, মাইঝ্যে মাইঝ্যে গলা ছাফা গরিতে অয়। গলাত আটকা আটকা মনে অয়। কুনু কফ বাইর ন'অয়, থুথুর লগে ভিজাইয়া ভিজাইয়া বাইর অয় মাইঝ্যে মাইঝ্যে। ইডা প্রায় দুই মাস।"
16523,"আসসালামু আলাইকুম। আঁরে ৪ দিন আগে রাইতত জ্বর আইসিল ১০২ ডিগ্রী। আঁই নাপা খাইয়ুম। তারপরে দিনত আর জ্বর ন'আইসিল, অইলে রাইতত আবার আইতো। অইলে এহন আর জ্বর নাই, অইলে টনসিলর বেয়াথা অর। কইচ্চা খাইতে কষ্ট অর। এহন কি গরিয়ম? কইলে উপকার অইতাম।"
17500,"বিয়া গইজ্জি তিন মাস আগে। এক্কান বিস্য লই খুব মানুষিক সমস্যাত আঝি। এই কারনে আঁর বউয়ার প্রতি মাঝে মাঝে অবহেলা আইয়ে। ফর্সা রঙর প্রতি আঁর ব-উত দুব্বলতা। আঁর বউয়ার হাত, ফঁয়া, ফেইস ব-উত ফর্সা (চেহারা কাটিংও ব-উত ভালো) ব-লে এতার তুলনায় হেতির বডি আর গরুর পিঁছন এক্কান ডীপ / কালছা টাইপর। ইয়ান আঁর মানি লিত অক্ত লাগের, অবহেলা আইয়ে। কিয়নকি আঁর ধারনা আছিল মাইয়াফুনর হাত, ফঁয়া, ফেসর তুলনায় বডি আরো লাইট / ফর্সা অয়। আর আঁই তো ফর্সা দেইক্ক্যাই বিয়া গইজ্জি (যে-হেতু ফর্সার প্রতি আঁর অযৌক্তিক / অহেতুক ব-উত মোহ আঝে)।"
689,"আসসালামুয়ালাইকুম। আঁর বয়স বাইশ। পেশা ওন ছাত্র। আঁই ছার মাস ধরি জিম গরের। নরমাল ওয়ার্কআউট গরের, ফারি কিচ্চু ন। কিন্তু প্রায় এক মাস ধরি ডান ফায়র হাঁটুত বেঁথা ফাইর। ফইলা হাল্কা বেঁথা গরিত। কিন্তু এইর ফরে এতই বেঁথা গরি যে হাঁটাত কষ্ট অইয়ে। এক সপ্তা বেড রেস্ট লইছি আর গরম ছেঁক দিছি এইর ফরে বুরত কমছে কিন্তু ইন আর এক্কানা হাঁটাত গেইলে হাঁটুত চিনচিন বেঁথা গরের আর বইতততুন উঠাত গেইলে হাঁটুত জোর কম ফাই আর বেঁথা অনুভব অয়। ইন আঁই কি গরিত ফারি?"
11512,"স্যার, আঁর বউগর উমর ৩৮ বসর। দুই পোয়াইনর (সিজারিয়ান) মা। পোয়াইন ১৮ আর ১২ বসর। কয়েকমাস ধরি পিরিয়ডর বক্কত কোমর/তলপেঠত বড্ড বেতা আর পাইঁ জোর ন পায়। বুকতও বেতা অয়। কপার্টি/বড়ি/ইঞ্জেকশন নাই। ওজন প্রায় ৭৬ কেজি। স্যার, কি গরিয়ম প্লিজ?"
20161,"আঁর কিছাদন ধরি আতের কনুই, আঁটুর বচত এণ্ড পিঠত রগরত বেয়াগ অইয়ের। ইতা কইতে কি, আঁর ইয়ার আগত এমনে ন অইয়ে। আঁই কিছাদন আগত করোনা টিয়া মর্ডানা ডোজ দিছিলাম। এহন এমনে কিলে অইয়ের ইডাও বুঝি ন পারির। শরিলর দুর্বলতাও বুঝি ন পারির। ই বিষয়ত কিসু মরামর্শ দিন।"
24084,"আঁর বাচ্চার আইজ ছয়দিন ধরি জ্বর। গলার বিতর ঘা অইয়ে। দাঁতের মাড়ি ফুলি গেইয়্যে। নাপা খাওয়াইয়ে কিন্তু জ্বর কমের না। সাফাডিল খাওয়াইয়ে দুইদিন, কোফেন খাওয়াইরাম ঠান্ডার লাই। মুউর বিতর আর গলার বিতর ঘা অইয়ে। সাদা দানার লা দেহা যায়। বাচ্চা কিছু ন খাইতে ন ফারে। ওরাল জেল। আঁই অহন কি গরি ফারি? আঁরে এট্টু কাইন্ডলি জানাইবেন প্লিজ। সরকারি হসপিটালের ডাক্তার দেখাইছি। ম্যাডাম এই ওষুদ এতা দিছিলে। কাম অইয়ের না কোন। অহন আঁই কি গরি ফারি? আঁরে এট্টু দয়া গরি জানাইলে উপকার অইতাম।"
10857,"আঁর এই রমজানোত আলসার ধরি ফেলাই। অষুধ দিও, কিসুদিন খাইয়রুম, কোর্স শেষ নঅইয়ে। আঁহন সমস্যা অইল, শ্বাস কষ্ট আর টয়লেট সাফ নঅয় যেন আঁরে লাগে, মনে অয়। যেইদিন টয়লেট অইবো লাগে ওইদিন বুকের বাইওরত ব্যাথা অনুভব অয়, আবার পায়ু পথোত গ্যাস বাইর অইলে ওইদিন বুকের ব্যাথা নথাকে। আঁর এই সমস্যা প্রায় দেড় মাস ধরি চলের। যেইদিন মাক্সপ্র৪০ খাই ওইদিন ঠিক থাকে, আবার গরম পানি খাইলে শ্বাস কষ্ট বাড়ে। আঁহন কি গইরত অইবো কইলে ভালো অইবো।"
2930,"স্যার আঁর দুই রার চিপাত চুলকায়। কুন ধরনর ঘাঁ নাই। আংগুল দি ঘসায় উপুরর চামড়া সাদা অই গেইয়ে। আঁই কি ওষুধ বা মলম ইস্তেমাল গইর্যলে আঁর চামড়া আগে যিলা আছিল অইব জানাইলে উপকৃত অইতাম। ধন্যবাদ। আর একখান সোয়াল স্যার, আঁর হাঁচি যেবতে আইয়ে হেবতে একলগে প্রাইত ৫-১০ বার আইয়ে। আঁই এলার্জি মনে গরি রাইনিল ট্যাবলেট খাই। খাইলে মোটামুটি ভালো থাকি, ন খাইলে আবার শুরু অয়। ইতানর থাইক্যা বাঁচিবার উপায় কিয়া?"
17972,"আঁর আম্মা। বয়স শায়াতচল্লিশ ( চৌয়ান্ন কেজি ) । ব্লাড প্রেসার ১৪০ / ৮০ বেছি ভাগ সময়। তাঁর গত এক সপ্তাহ ধরি হঠাৎ হঠাৎ চোখ মুখ মাডা ঘুরি আঁধার অই যারগা। দিনে দুই এক বার এইডা অয়, তহন ফড়ি যারার লাহান অই কিছু ধইরতে অয়। আবার দুই এক মিনিট ফরে ঠিক অই যারগা। এই সেদিন আঁর বাপর চাকরি রিটায়ার্ড গরিছে। এইডা লই তাইন বিতর বিতর চিন্তিত। এই অবস্থায় কি গইত্তাম কিছু ফরামর্শ দিবেন আশা গরি।"
22435,আসসালামু আলাইকুম । আঁর বয়স ৪৩ বচ্ছর । গত দুই দিন ধরি ঠাণ্ডা - সর্দি (কাশি ন'অ) আর শরীলে হালকা জ্বর জ্বর লাগাইয়ের । শরীল দুর্বল লাগে । মুউর স্বাদ হিতাল হিতাল এক্কানা কম লাগের । ইবে ছাড়া আঁইন্ন্য কুনো সমস্যা ন'অ । দুই দিন ধরি নাপা এক্সটেন্ড এক্কিন্না করি তিন বেলা খাইর । গরম ফানির ভাপ লইর । গত ২৬ অক্টোবর ' ২১ এ কোভিট - ১৯ এর ২ ডোজ লওয়া অইয়ে । এই হালতত আঁইন্ন্য কুনো ওষধ লাগিবো নি এক্কানা জানাইবেন প্লিজ ।
7160,"আঁর বয়স একাত্তিশ বচ্ছর। আঁই বিয়া গরিছি। দিন দিন আঁর শরীল হুকাই যারগই। এমনেত আঁরতে মনে অইয়ের আঁর কুনো বেরাম নাই কিত্তু দিন দিন শরীল হুক্কই যাইবার কারণ কীয়েন জানাইবেন মেহেরবানি গরি। এইছার আঁই কুনো ওষুদ খাইলে শরীলের ভালা অইব নি? শরীলের দিক দি আঁই দুর্বল ন'ই। ওজন আঁর মত্র আঠচল্লিশ কেজি। আঁই ডায়াবেটিস চেক গরাইছি হাস্পাতালতুন, ডায়াবেটিসও নাই। খানা পিনা তেমুন গরির ন'পারি।"
16771,৩ দিন ধরি আমার বউইর নওয়ার উপর ৩ আঁডা আঁর নওয়ার ফাসত গালের উপর ২ আঁডা বিছফোঁড়া অজ্যেদে। বড় বেয়তা গরজে। কয় আঁডা ফোঁড়ার মুয়অ সাদার মর অই গিইয়ে। বড় কষ্ট অর। হোমিও ওষধ খাইয়ুম কিন্তু বালা ন অর। কিক্রলে বালা অইবো জানাইয়েন ফারাও।
18079,"আসসালামু আলাইকুম, ওনেক দিন ধরি আঁর ঘন ঘন পেশাব অইর‍্যে আঁর পেশাব গইর‍্যে যাইলে বড্ডা ওক্ত বই থাকিবল্লাই অইর‍্যে কাইট্টা কাইট্টা পেশাব আইবার কারণে। ওনেক দিন ধরি সর্দি হতা ত্থুন বাঁচিবার লাই সিদ্ধ ফানি ফান গইর‍্যি, এইতাত বালা গরি তিয়াসউ মিডাই ফারি না। আইল্ল্যা, আঁর ঘন ঘন বাই বাইর অইর‍্যে যেইতার কারণে নামাজত বারে বারে অজু গরিবার লাগের। ইন ত্থুন বাঁচিবার উপায় কি?"
6526,"আঁর বয়স বাইশ বছর। ওজন পঁচান্ন-ষাট কেজি। আঁর চার বছর ধরি হাই প্রেসার। ঘুমর সমস্যাতুন ইডা অইয়ে, দুশ্চিন্তা বা ডিপ্রেশনতুন ন। আঁই ছোডবেল্লাতুন নরমাল বিষয় লই বেশি দুশ্চিন্তা গরি। যখন দুশ্চিন্তা গরি তোঁন বুকর বাম সাইড, বাম কাাঁন আর বাম আথ আলকা বাইথা গরের আর বাম কাাঁনত্থুন বাম আথ গরম অই যাইয়ুন। একলগে মাঁতাও গরম অয় আর ঝিমঝিম গরে। তয় তোঁন প্রেসার মাপিলে প্রেসার একশ তিশ / আশী বা একশ বিশ / পঁইচআশী এরোম থাইয়ুন। আঁই যখন বেশি দুশ্চিন্তা গরি তোঁন প্রেসার নরমাল থাইকলেও কি বুক বাইথা বা মাঁতা গরম অই যাইয়ুন ইবাগুনতুন কি হার্ট অ্যাটাক বা স্ট্রোক অইত পারে?"
19329,"আপ্নের দিছেন যে প্রেসক্রিপশন মতে অষুধ নিয়মিত খাইরদি, কিন্তু জ্বর আঁশি আঁশি আইয়ের। শরীলর বহুত বেতা কমের ন। ক্যাঁইশ অল্প আছে। করোনার নমুনা ফরিখ্যা ফঅরে দিছি গত ২৬/৬/২০২১ তারিখত। অ্যাঁজুও রিপোর্ট ন দিয়। আপ্নের ফরামর্শ চাইরদি।"
470,"আঁঁর মাতাত পিছেনে, দাইর‍্যের নিচে গরমত ঘামাইলে বোত চুলকায়, কিন্ত কুনো ধরণর গোটা/ফুইল্যা ন'যায়। কিন্ত বেশি চুলকাইলে চামড়া উডি যায়, পরে বোত জালে, ফানি লাগিলেও জালে। ইডা আঁঁর আগে ন'আছিল, এক বচ্ছর অইল। এন ইতার লাই কি ঔষধ খাইত ফারি?"
2840,"ছার, আঁর উমর ২৫, বিয়া ন' গইজ্জি। আঁর চেহারার কুনু উজ্জ্বলতা নাই। চাইত সুঁকা সুঁকা লাগের। তিন বেলা হাইলেও মাইনষে ক'য় ন' খাই রইয়ি। বাইরত্তুন এট্টু হাঁডি আইলে মনে অয় ব'ত বদ্দা কুনু কাম গরি আইয়ি। শরীল ব'ত আজানত অই যার আর শরীল ব'ত দুবল লাগের। কুনু কামত মন ন' বহে। শুই বই থাইত ভালা লাগের। ভালা ডক্টর চাইবার লাহান এবিলিটি নাই। ক'তা মেডিসিনর নাম কই দন আর মেডিসিন ক'ত দিন খাইত অইব বিস্তার করি কই দিলে আঁই আপনের কাচে কৃরতজ্ঞ থাইক্কুম।"
26242,আঁর পোয়াডার বয়স ৩ অউর উপুর। কদিন ধরি হে কইর হেঁর পাচুত দুঅর। সন্দেহ গরির গুরা কিরমি অইয়ে। গেলি বিশুদ্দার কিরমির অষুধ খাওয়াইরঅইয়ে। আরা হাইবের বিশুদ্দার খাওয়াইয়ুম। মগার কাল রাইতাত্তুন আরা এক্কান কতা কইর। আইজ দুফুরত ঘুমাইতে ফারেনি। সন্দাতুন কান্দা-গুনো। এইন অক্তে কি গরিবার?
13065,আঁর নানুর দুইদিন আগে জ্বর আছিলো। বয়স পঁচাত্তর। এসমতত নাপা এক্সটেন্ড লগে জিম্যাক্স খুয়াই হইয়ে দুইদিন ধরি। এহনও কোর্স শেষ ন'অইয়ে। প্রেসারর সমস্যা আছে। ক'য় মাস আগে মাইল্ড স্ট্রোক গইরছিলো। এহন স্ট্রেচারত ভর দিয়া আডে। কাইল্কে এক্কেরে জ্বর ন'আছিলো। এহন আঁই জ্বর আইয়ে ১০১'র কাঁচাকাঁচি। ওষধ কি আগরলা চইলবো?
5707,"আঁঁঁর মাসিক অনের তারিখ আছিল মার্চর ২৬ / ২৭ তারিখর লগে লগে, আঁরতে এহনও অইয়ের না। ই ২৬ / ২৭ তারিখর বাদে একবার অনরাপদ যৌন সম্পর্ক অইল, আঁরতে আঁই বা আঁর শামী আঁরা কেইউ শিওর ন যে শুক্রাণু ভিতরে পড়িয়ের নি। শামী কইয়ের পড়ের নাই, এহন ই অবস্থা মইদ্দে কাইল (১০ এপ্রিল) একবার টেস্ট কিট দিয়া চেক গইরছি রেজাল্ট নেগেটিভ অইয়ে, আঁরতে আইজকে আবার সন্দেহর লাগি টেস্ট গরি, দেহি রেজাল্ট পজিটিভ। এহন দেশর ই পরিবেশ পরিস্থিতিতে আশেপাশর কুনো মেডিকেলেও যাইবার পারিয়ের ন, মূল যে জিগ্গাস ইতা অইল, আঁই কি আছা অই গেছি না কি অই ন, এহনও বুজিবার পারিয়ের ন, এহনও বমি বমি লাগা শুরু অইয়ের নাই, আঁই খুব চিন্তিত। আঁই চাইয়ের ন আছা অইতো।"
12685,"স্যার আঁর বুকের মাঝখানে দুক্ক। আর দুক্কডা লড়ে, কুনো সময় ডাইনত, কুনো সময় বাঁঅত অনভব গরি। এইল্লাই গলার রগোতও সমস্যা অনভব গরি আর বড় গরি শ্বাস লইলে বুকত আর গলাত সমস্যা অনভব গরি। নিয়মিত গ্যাসট্রিক এর দুয়া খাই যারগুই আর লগে প্যারাসিটামলও খাই যারগুই। কিন্তু এইত কমের নয়। এই আবস্থাত আঁপনার মুল্যবান মতামত কামোনা গরির, ধন্যবাদ।"
13977,"আঁর এক্কেবারে বও মাসেই খুসখুস কাঁশ, ই কাঁশডা বউত দিন ধরি থাইক্যে। বউত ডাগদার দেহাইছি, বুকঅর বেয়রামঅর আস্পাতাল, পিজি, মুগদা আস্পাতালঅও দেহাইছি। উঁয়ুনার পরামর্শ হিছাবে ওষুদ হাইলে দুই - তিন মাসঅর লাই ভাল থাইক্যে, হরে ফুনো হেই কাঁশডা আগঅর লাকান উডে। প্রতিবারেই আতন ঠান্ডা আর হর্দি লগে ই কাঁশ শুরু অয়, হরে আস্তা আস্তা ডরলাগান রূপ লয়, হারা দিনেই কাঁশডা আইত্থে থাইক্যে। ই কাঁশঅর লগে আঁইজা আঁইজা বুকঅর বেতাও অয়, হরে মাথা বেতাও অয়। ইতার এক্কেবারে ঠিক গরিবার উপায় কি?"
15281,আঁন উমোর সতের বসর। আঁর কুঁচকিত্যাই বিচি টাইপের কিছু একখান উডে আর বহুত চুলখায়। খাছ কইর‍্যা রাইতত বেশি চুলখায়। চুলখানের ফর আঁঠাইল্যা ফানি বাইর অয় আর জ্বালা অয়। কনাসিড ক্রিম ক'দিন লাগাইলে ঘা কিছু এক্কান কমি যায়। আর লাগান বন্ধ কইর‌্যা দিলে দুই এক দিন ফর ফেঁন চুলখায়। ফেঁন আগর লাহান ঘা অই যায়। আর এই সমস্যার ফর আক্রান্ত জাগা কালা অই যায়। মনে অয় ছত্রাকর সমস্যা। কিন্ত এইডার লাই কি গরা যায়? আর খাছ কইর‍্যা কালা দাগ উঁইন ক্যান্নে দুর গরা যায়?
482,"ছার, আঁর বয়স বাইশ বছর। তিন বছর অইয়ে বিয়ার। বিয়ার এক বছর পরতুন আঁর পিরিয়ড অনিয়মিত অইয়ে যার। দুই মাসর চেয়ে বেশি দিনও চলি যায় পিরিয়ড ন'অয়। ডাক্তার দেখাইছি, কইয়ে এমনে কুনু সমস্যা নাই। আল্ট্রাও গরিছি কুনু সমস্যা নাই। আঁই বেবি ল'অন চাইর, এহন কি গরিত ফারি?"
18747,"আঁর্ ভাগিনর বসর সইতর মাস। বার ঘঁটা ধরি জইর। পইলা নাপা সিরাপ খাইতে দিয়ি, অয়ি ফির জইর কঁমি ন। এর বাদে সাপোজিটার দিয়ি, তেয়াত্তর জইর একটুক কঁমসে। অয়ি ফির ফির জইর উড্ঢে। জইর শ থ্যেই শ দুই। জিম্যাক্স ও খাইতে দিয়ি। সোয়াল অইলদে চিকিস্সা কি টিট্টাক চলিরদে?"
12084,"আঁর গল্লাই সমস্যা
১ . আঁর গলা দুই দিন ধরি বেইশ ব্যথা গরের ।
২ . গলার বিতরডা আজব দেহার ।
৩ . গলার বিতরে কামড় মারের ।
৪ . আঁই বিড়ি খাই আর যদি আঁই বেইশ বিড়ি খাই তইলে এইডা বাড়ে ।
৫ . শুকনা আর কফ লয় হাল্কা কাঁশি অইয়ের ।
৬ . হলইদ রঙ্গের কফ আছে ।
৭ . লাগে শর্দি নাই কিনতু এক পাশত নাক জাম অই আছে । আঁই ইনুন কি গরিত ফারি ?"
20959,"আঁত্তুন বাফর খাইবার ইচ্চা ব-অ-ত। দিনত ৫-৬ বার খায়। মগার মুসিবত অইল, তার রোজ পায়খানা ন অয়। দোঁস-পোঁনর দিন বাদে বাদে অয়। তাও উষুধ খাইতে অয়। আঁশা গরি সমাধান পাইয়ুম। তাই পি এস পি রুগুত ধইচ্ছ্যে। নিউরো সাইন্স হস পিঠালর মেডিকেল বোর্ডর রিপোর্ট।"
20559,"আঁর চুল পড়ি যার। শ্যাম্পু গইলে বেশি চুল পড়ে। চুলোর মইধ্যে হাত দিলে হাতত চাইর/পাঁচটা উড়ি আয়ে। আর গোসল গইর্তে গেইলে উডি যার। লাগাইত বা খাইত পারি এমন কুন ঔষুদ আছে নি, বা প্রাকৃতিক চিকিস্সা? যেইদিন চিন্তাভাবনা বেশি গরি, ওইদিন বা পরের দিন আরো বেশি চুল উডি যার।"
24871,আঁর বাপর বয়স তিপ্পান্ন বছর। ইয়ান হপ্তাত দুইবার ডায়ালাইসিস গরের। গইয়াল্ল্যা ডায়ালাইসিসতুন আইবার পরে ইঁয়ার গায় জ্বর আছিল। নাপা খাইয়ে তাও জ্বর বেশি কম্মি ন। আইজ সকালে ইয়ান দুইবার বমি গইজ্জে। গায় হাইক্কা জ্বর আছে। এইল্লাই বমি কি কুনু সমস্যা নি? বা আঁইলে কি গইত্তারা যায়?
23717,"আঁইজ্জ্যে এন্টিজেন টেষ্ট নেগেটিভ আইয়্যে, পিসিআর টেষ্ট এর লাই নুমুনা দিইয়ে। ছর্দিত নাক বন্দ, হুকনা কাশি, মাঁথা বিঁথা আঁর হাল্কা জ্বর আছে। নাপা খাইইল্লে জ্বর নামি যায়, তিন-চাইর ঘণ্টা পরে ফির জ্বর আইর। শরীল দূরবল লাগের, খানাফিনা মচা নাই, ঘুমও ন'অয়। পরামিশ / প্রেসক্রিপশন দিবালাই বিনীত অনুরোধ গইর‍্যি।"
23073,"আতর আঁগুলোর মাথাঅ চামড়ার তঁলঅ পঁওঅর বঁত সঁল্লই সঁল্লই পঁওঅর কঁটাঅঁ দ্যাওয়া যাইয়ারে, যিঁন সুই দিঁ ফুঁড়াইল্লে পঁওঅর বাইরঅয়। বঁই-বঁই চুলকাইয়্যে। এক্সোভেট এন ক্রীম লাইগাইলে ভালঅই যায়, আইয়্যুন অয়। আঁগেঁ এক আঁগুলঅত আছিল, এঁন সঁব আঁগুলোর মাথাঅ দ্যাওয়া যাইয়ারে। বঁত চামড়া উঁডড়ে যিঁনঅ অইয়ে হিঁনঅত।"
8060,"আসসালামুয়ালাইকুম, আঁর্ নয়ার্ সমস্সা। রাতি ঘুমাইতুক্কুয়া আগে জোরত্ দম্ লইতো ফর, আর দিনোর্ বেল্লাই এক্কানই সমস্সা। বিকাল বেলা আঁই বালা থাই গোসল গরিবার বাদে, আর হালে নয়ার্ দে ফানি ফড়ে। ফুনো আঁর্ এলাজি বেশি। বৈত্ চিকিৎসা গরিছি, ওসুদ খাইলাম, কিরে ওসুদ খাওয়াত্ শেষ্ গরি বালা অই ফুনো আঁর্ সমস্সা দেখা দে। ছার্, ইতার্ সমাধান্ কি?"
4717,আঁর মাইর বওশ ৪৬ বছর। আঁর মাইর ফুয়ার গুরার বউত বেতা। ফুয়ার তঅলর তলের দিকত গুরার সোজা বউত বেতা। কেয়ুনদিন আজার লইলে বেতা কেয়ুতা কমের মাগার বাদে হাটা হাচি গরলে বেতা ফরত বাড়ের। কুনু কিশুতঅ বেতা কমের ন। এই হালত কি গইজ্জর?
13174,"আসসালামু আলাইকুম। আঁর ফুয়ার বয়স ৩ বছর ৯ মাস। গত ৪-৫ দিন ধরি হে খালি খুসখুস গরি কাশে। মাঝে মাঝে এক্কান গা গরম অয়, খুব বেশি যে জ্বর আইয়ে হেন্তা ন। মনে অর চুলকানিও আছে। খালি কয় বাবা কাতু লাগে, পায়ত কাতু লাগে, ফিছনত হিপত কাতু লাগে। কাতু লাগাডারে আঁই চুলকানি মনে গরি। আঁইলে এই খুসখুস কাশিডা খুব চিন্তাত ফালাই দির। আফনারার পরামর্শ চাই।"
21438,"আঁর বয়স ২১ বছর। আঁর ওজন ৯৩ কেজি। উঁচা ৫ ' ১১ ইঞ্চি। আঁই ডেইলি বেয়াম গরির, তারপর ও আঁর ফেইট কমের ন। বেইন্যা রুডি, দুফইরত ভাত, আর রাইতত কম ফরিমানর ভাত খাই। ফেইট আর ওজন কমাইবার লাই আঁই কি কোন ওষুদ খাইতাম ফারি? যদি ফারি তইলে আঁরে ওষুদর নামখান কইবেন নি?"
14240,"আঁ'র বউ আড্ড মাসর পোয়াতি। ইতার আগেত্থুন হালকা এজ্মার সমস্যা আছে। ইতারা লাই বেয়াক্কে ঠাণ্ডা ফানি দি গোসল গরেনা। হিঁয়তে কাইল্যা বিরশাই অইয়ে। তাই আঁত্থুনি ঠাণ্ডা আবহাওয়া আসিল। টিওবেলর ফানি দি গোসল গরে। ফানি আঁত্থুনি ঠাণ্ডা আসিল। আঁজি রাইত্থুন হালকা জ্বর। ভিতরদি জ্বর, হিঁয়তে বাইরত বেয়াক্কে ফুডি উডে ন। আঁজি কি গরা যাইবো . . ? ? দুইদিন ধরি খাইয়র ফরে বমি অইয়ে। আঁর অসস্তি লাগের। এই দুইডা সমস্যার আঁত্থুনি সমাধান দিয়েন ফীলিজ . . ।"
7602,"স্যার, আঁর বয়স ৩০, ওজন ৬০ - ৬৫। গত এক মাস ধরি আঁর শ্বাসর সমস্যা অই রইয়ে। বারবার লম্বা শ্বাস মনে অয়। বুক ভাড়ি লাগে। আঁই ধুমপান গইরতাম। এহন আর ন গরি। আঁর সর্দি কাশি ন অয়। ম্যাত্তর আঁর নাক সব সময় বন্ধ থাহে। হেইলে আঁই রাইনেক্স ০.০৫% বেভার গরি। আঁর গ্যাস্ট্রিকর সমস্যা আছে। ম্যাত্তর আঁই খুব বেশি ওষুদ ন খাই। এ হালতে আঁই কি ওষুদ হাইলে এহন ওভাত ভালো থাইক্কুম একটু পরার্মশ দি জানাইলে উপকার অইব। ধন্যবাদ।"
14772,"সার, আঁর বয়স বাইশ বছর। হাচ্ত বছর ধরি আঁর বুকের ফুতুর গুলা ফোলা অহনও কমের ন, বরং আরো বারের। আঁই শরমত বড্ড গরমেও গায়ের কাপড় খুলিব নারি। আঁই অন কি গইরম? আর এই এপত্তুন কি হরমোন বিশেষজ্ঞ ডাক্তারের পরামর্শ লইতাম ফাইরুম নি?"
19318,"আঁইয়ার মাইয়ার উম্বর ২ মাস ১৫ দিন। হাইঞ্জা থাকি পাতি গইজ্জে না, মার বুকর দোদ ছাড়া অন্ন কিছি খাওয়াই ন। মার বুকর দোদ টিগমত খাইদ্দে ন, কম ঘুমায়দে। শরিল মোছড়ামুছড়ি গরের আর একটু কান্দনগাটা গরের। পাতি অইয়ার লাই গইবাল্লাই কি, প্লিজ পরামর্শ দিয়্যন।"
7830,"আঁর জন্মগত জন্ডিস আছে। কঁয়দিন ধরি আঁধা-মাঁজি হাল্কা শ্বাসকষ্ট অই যারদে আর এলার্জি আছে। ডানাত শ্বাসকষ্ট অয়, বুক দাবাই থাঙে আঁধা-মাঁজি, কি গইজ্জুম? আগর কঁয়দিন এট্টু বেশি খেজুর খাইছিলাম আর মধু খাইছি, ইবাত কি সমস্যা অইবার পারে? ডাক্তার কইসিল আয়রন জাতের কুনু কিচ্ছু খাইত ন'যাইব। প্লিজ পরামর্শ দিবা।"
7097,"আঁই মাতাত দঁশ মাস আগে টিউমার অপারেশন গইজ্জি, কুন মেডিসিন খাইয়ি ইয়াদ নাই, করোনার কারণে ডাক্তার দেহাতি ফারির না। এহন মাতাত বোঁত বেথা, চঁখ জ্বালাফোঁড়া গরের, পায়খানা ঠিক গরি ন অয়। এই মুমূর্তে আঁই বড্ড অসহায় স্যার, কুন ঔষদ খাইয়ুম কই দিলে বড্ড উপকার অইতো স্যার নিউরো সাইন্স মেডিসিন বিশেষজ্ঞ।"
6193,"স্যার, আঁর ফায়র তলায় এক্কান গায়র লায়, ইয়ান বহুত দিন ধরি, যেইডা বৃষ্টির ফানি লাইগলে বাড়ে, দওত খাইলে ইয়ান কমি যায়, ফইলে পুরাফুরি বালা ন'য়, এহন করোনা পরিস্থিতিতে আফাতত ডাক্তার দেহাইতো যাইতাম ন'ফারির। মনরয় ফায়র ঐ গায়র ভিতরে কুন পোঁকায় কামড়ায়। ক'দিন ধরি নিমপাতা বঅহার গরির, এক্কানা কমি গিয়া ফাডি রক্ত ফড়ে, আঁর মনরয় ভিতরর দিকে বাড়ে। মোবাইলত ভিজিট দি কুন ডাক্তারর লগে ওয়্যাটস্ এ্যাপে কনসাল্ট গরা যাইবো নি?? / আফাতত সমাধান কি?? ফ্লিছ কাইন্ডলি এক্কানা জানাইবেন, ইয়ান লইয়া ডরাই আছি।"
6635,"আঁই তোতলাইন্নি দুক্ষে ভুগির। কতা কওনের সমত হর হর কতা বাইর গইরতে ন-ফারি, কুনো আইল্লারে সালাম দিতে গেইল্লেঁও কষ্ট অয়। আঁই একলা একলা কইল্লেঁ মুশকিল ন-অয়। কুনো আইল্লারে কিসসু কইতো গেইল্লেঁ আঁই ডিপ্রেশনত ফরি যাই। ছোড্কালে এরাম মুশকিল ন-আছিল। গত ৩/৪ বছর ধরি এরাম অইয়ের। লাস্ট ২ বছর ধরি বেশি অইয়ের। সার, এরাম হালতত আঁই কি গইরতো ফারি? সাজেশন দিলে আঁই বড্ডা ফায়দা পাইয়ুম।"
11712,"আঁর এক চখ লাল অই রইয়ে আইজ প্রায় ন' দিন। আঁই ছয় দিন মক্সিফ্লক্সাসিন ০ . ৫ % আই ড্রপ ব্যবহার গইজ্জি, কুনো ফায়দা ন'অইয়ে। ইতার ফরে দুই দিন ধরি ক্লরামফেনিকল বিপি ০ . ৫ % আই ড্রপ ব্যবহার গরিয়ুম। মগর চখর লাল কমছে ন'। এহন কি গইলে বালা অইব?"
25647,"আঁর বউ'র ডেলিভারি ডেট আর পঁচিশ দিন বাকি। আজি বিয়ানত্থুন এত্তুই সাত / আট বার ছয় / সাত ফোঁটা গরি ফানি আইয়্যে, লগে তলের দিকে বহুত চাপ মনে অর। ইয়ান কি ডেলিভারির লক্ষণ নি? এই সময়ত সিজার গরাইলে বাইচ্চা ভালা অইবো নি, এইয়্যারম ফানি ভাঙিলে বাইচ্চার কুনু নুকসান অইবো নি? মেহেরবানি গরি এট্টু জানাইবেন।"
15742,"আস্ সালামু আলাইকুম ওয়া রহমাতুল্লাহ্ , আঁর বওশ চল্লিছ বচর আঁর ডায়াবেটিছ আছে। আইজ হকালে খালি ফেইডত ছুগার আছিল ছাত , ব্লাড ফ্রেছার আছিল ১২৩ / ৮১ , ফালছ ৬০ আছিল। এহন ২ / ৩ দিন ধরি আঁর শরীলডা খুব দূর্বল লাগেরদে। মাজে মাজে মাত্থাডা ঝিম ঝিম গরের। দুই হাতর কবজ্বিগুয়া মাজে মাজে বত্থা লাগের। হাল্কা কাচ্ছি আছে। আঁই মনটিভা ১০ মিগ্রা খাইতে আছি। এইতা ছাড়া আর কুনু সমস্যে ন’ । এইর সমাধানর লাই ছ্যারর থাই ফরামশ চাই। ধন্যবাদ।"
18773,"হার্ট অর সমস্যা আসে। রাইতত হঠাৎ হঠাৎ বাম হাতঁডেঁ খুব বেশি ব্যাথা গরের। জিবার নিচত স্প্রে গরিলে কমি যায়। এ হতাঁত আঁই কি গরির পারি? আঁই এক্কান হার্ট অর ডাক্তাররে দেখাই, কিন্তুঁ সে মাসত এক্কাল সিরিয়াল লয়। তাইর সিরিয়াল পাইতে খুব কষ্ট অয়। এহন এ হতাঁত আঁই কি গরির পারি?"
7640,"আসসালামু আলাইকুম। গইল্লা কই বসর ধরি আঁর হর্দি লাইগ্গিন্না থাঁগে মানে সবসময় নাকি আঁর পানি বাইর অয়। এই পানিঅক্কল মনে অয় আঁর গলা আর নাকির মিটিংর জাগাত জমা অই থাঁগে যার ফলে আঁর বমি বমি ভাব লাইগ্গিন্না থাঁকে। ইতার আগত ডাক্তেরর লগে কতা কইছিলাম। তাইন কইন আঁর এলার্জি আছে ত যেবঅক্কল দঁয়া তাইন দিছিল, এই দঁয়াঅক্কল খাইছিলাম, যেমন, রুপাটাডিন, এ্যাভিল, এলাট্রল ইত্যাদি কিন্ত কাম অইত ন। আঁই কই বুঝাইত ন পারুম বাই যে, হাচা কত বেশি দুগোত আছি। এজ্ঝান দঁয়া গরি এই বিষয়খান এক্কান চাইয়ুন আর এই মুসিবতখানর অছিয়ত আঁরে দিন। মেহেরবানি।"
13335,"আঁর বড় বাইর বয়স ৫০। তাঁর ৩/৪ দিন জ্বর আছিল। এহন নাই। মগর নাতত কুনু ধরনর বাস ফায় ন। মগর কুনু সর্দি বা ঠান্ডা নাই, নাত দি শ্বাহ-প্রশ্বাহ সোয়াবিক। গলা বেথা, নাক বেথা কিচ্ছু নাই। খুশখুশি কাহি বা নাতত কুনু ধরনর জ্যাম নাই। বাস না ফাওয়ার কারণ কি? জানাইলে চিন্তামুক্ত ওইতাম আর কৃতজ্ঞ তাইক্কুম।"
23118,"আঁর পোয়ার বয়স ৫ মাস, ওজন ৬ কেজি। হে খালি ফুঁয়া দুয়ত খায়। কালততুন হেতের আমাশয় অইয়ে, মানে অল্প পরপর এণ্ডা এণ্ডা বাইত্তা গরের আর বাইত্তার লগে অল্প মিউকাস দখি যার। কেঁচি উষুদ খোয়ামু বা ক্যান গইর্‍য়ুম, পরামর্শ দিলে বালা অইবো।"
13284,"আসসালামু আলাইকুম, আঁর বা'র বয়স ৬২, গত ২১ / ০৫ / ২০২০ তারিখ থাকি জ্বর, গাত বেথা আর কাঁশি। জ্বরের মাত্রা আছিল ১০১ - ১০২, ঔষুদ খাওয়াইয়্যির ফাস্ট ( ৫০০মি গ্রা ) আর ডেসাট্রল ( ৫মি গ্রা )। ঔষুদ খাওয়ানোর পর এহন বত ' মান অবস্থা আগে থাকি গাত বেথা কম আর হুকনা কাঁশির পরিমাণ টা কম। কিত্তে জ্বর ওঠানামা গরের, গাত টা বউরুত ক্লান্ত। কই রাখি ভালো আঁর বা'র হার্ট আর ডায়াবেটিস এর সমস্যা আছে। স্যার আঁই কি এহন কোন এন্টিবায়োটিক শুরু গরি ফারি, আর শুরু গর‍িলে ও কি ঔষুদ খাওয়াইয়ুম? দয়া গরি আঁরে এক্টা সাজেশন দ্যান।"
7108,"আসসালামুয়ালাইকুম যেই আঁর সমস্যা অইল, আঁর ন' আঁর আম্মার হমেত হমেত খোমর বাইথা অয়। বউত খোমর বাইথার কারণে হায় বিছানা তুন উঠিতে ন' পারে। বাদে গরম ফানি শেখ দিলে ২-৩ দিন ফর ফর বালা অয়। এক্ষেত্তে কি গইরতেন অইব আর কি মেডিসিন খাইয়্যন উচিত? এহন অনুভা উষুধ খাওয়ানো অইয়ে।"
20022,আঁই ৬ হাপ্তার আফেল। আইজ বিয়ানে ঘুমতুন উইডি বাথরুমত যাই দেখি আঁর ফাওর ছিরাত হাইল্কা খয়েরী লক্ত আইয়্যে। মাতরা খুব কম আর এক্কাবার ই আইয়্যে। কুনো বিয়াতাউ নাই। এইডা কি ডরের বিষয় নি আঁই বুজি ন'আরম। অহন আঁর কি গইত্তে অইবো? শুকরিয়া।
5461,"আঁর্ প্রেশার ষাইট/শ' অউবা এডের চাইব্যে সামান্য বেশি কম, কিরে হাইলে আঁর্ প্রেশার বাঢ়িবো? আঁই একটুন নুন বেশি হাই। ব-ত মানুষে কইর্যে নুন হাঅন বাদ দিওনরে। কিরে কিরে হাইলে আঁর্ প্রেশার বাঢ়িবো? ব-ত সময় আঁর্ মাতাত চক্কর মারে, খাছ কইলে রউদ্দুরত একটুন থাইকলে।"
7221,"আইয়না ১৪ই মে ২০২০ইং তারিখ্যাত ডেলিভারি'র তারিখ। একেবার হাশের ফেব্ৰুয়ারি ডাক্তার (গাইনোকোলজিস্ট) দেখাই পরামর্শ লইছি। করোনা পরিস্থিতির কারণত চেম্বার বন্ধ থাকাত ঐ ডাক্তার'র লগে যোগাযোগ গরি ন পারি। এহন শুধু ক্যালসিয়াম বাদে অন্য কুনু দাওয়াই কাই ন। কোমরত বিধা আগেও আছিল। গেইয় ২ দিন ধরি এট্টু বেশি। উডা-বসা গরিবেল গেইলে আঁরা বিধা লাগে। হাইতা স্রাব যায়। গোপনাঙ্গত চুলকানিও আ'ছে। উল্লেখ্য, এইডা ফইরতোম প্রেগনেন্সি। এই অবস্থা'ত কিয়া গরা দরকার জানাইলে উপকার ফাইম।"
11616,"আঁ'র এক মাস ধরি মনে অর গলত কিচ্ছু আটকি রইসে। গল্লাইত বিয়াথা আঁ'র আগে কুনুদিন ন'অইয়ে, হিত্তা গল্লাইত বিয়াথা অইলে কেন্নই লাগে হাইডা বুজি ন'অরি। যাউগ্গা ধরি লইলাম এইডা গল্লাইত বিয়াথা। এইডা এক মাস অই গেইয়ে। অইলে এইডা কি করোনা'র কুনু সম্ভাবনা আছে নি?"
21102,আসসালামু আলাইকুম। আঁর আম্মার বয়স আঠচল্লিশ বশর। আম্মার গা কাঁফে আর চোক্কুত সর্ষর ফুলর লাহান দেহে। এহন কুন অউষুদ বা চিকিৎসা করাইম? (বিঃ দ্র : আম্মা হালকা করি ব্রইন স্ট্রোক অইয়ে আর হার্টেরও এক্কান সমস্যা আশে। এটার লাগি ইকোস্প্রিন পঁচাত্তর আর সেরেভাস খায়।
7864,"ও স্যার, আঁই অল্প কাইত খানা খাইলেই মনে অয় ফেইট ভরি গেইয়্যে। আঁঁর ফেইতত বড্ড গ্যাস অয়। টয়লেট ক্লিয়ার ন অয়। কোষ্ঠকাঠিন্যতা থাহে অল্প কাইত। বাট গ্যাস অয় খানা খাইলেই। দয়া গরি যদি আঁরে এট্টু সাজেশন বা আঁর গইত্তব্য কীয়ান এট্টু কইতেন তইলে বড্ড উপকার পাইতাম। হেশমেশ ধন্যবাদ আর শুভেচ্ছা রইল করোনার বিরুদ্ধে তুঁয়ারার লায় মানুয়্যুরার সম্মুখ সমরে লাড়াই গরিব্বার লাই।"
11077,"আমার শরীল, জিঞ্জি আসলত যে রকম অনভব অয় হি রকম লাগের। তইলে আত ফোঁয়া কিচ্চুটা অবস লাগের, জোর কম ফাইয়ুম। শরীল অনেক ঘামায়। রাইতত ঘুম কম অয়, ঘুমাত গেইলে শরীল চিবাই। বুকত আলগা চাপ অনভব অয়। কয়দিন ধরি গলত কফ আছে। এডোভাস সিরাপ খাইর। গরম ফানি খাইর, গড়গড়া গইরর, বাপ লেইর। আইয়ুন আমার কি গইরতই, কি ওশুদ খাইয়ুম? দয়া গরি জানাইবেন।"
4098,আঁত পোয়াডারে আইজ টিকা দিছি ইপিআই সেন্টারতুন। দিন শেষত রাইতত জ্বর আইয়ে আর মার দুধ খাওনোর বেলাত এক্কেরে পোয়া মুখ ভরা বমি গরিছে। হড়া দিনত তিন বার এইস পেডিয়াট্রিক ড্রপস সিরাপ খাওয়াই দিছি। তারফরও জ্বর। ইডা কি স্বাভাবিক নাকি কঠিন কিছু? জানাইয়েন দয়া গরি।
21956,"আসসালামু আলাইকুম। রুগীর আঁত্থিন ত্থন জউর। একবার যায়, একবার আহে। নাপা খাইলে কমি যার, ফিরি বাড়ে। মাডা বেতা আছে। নাক আঁদা বন্ধ। জউর ১০০-১০১ এর ভিতরে রাইক্কের। হুঁঠাত হুঁঠাত ক্যাঁইশ আইয়ের। কি ওউশুদ বা কি চিকিশ্সা লইবো? বওশ তেত্রিশ প্লাস। ধন্যবাদ।"
15390,"আমার আব্বার বয়স ৬৪, কমবেশি ১৫/১৬ দিন ধরি জ্বর, নাপা এক্সটেন্ড আর এজিথ্রোমাইসিন খাইতাসে। জ্বর ঘাম দিয়া ছাড়ি যায়, আবার আহে। শুধু জ্বর, আর কুনো লাক্ষণ নাই। তবে পেডের তলত ডান পাশে বেথা। নপ্রোসিন - ৫০০ খাইতাসে, ইনাত বেথা এক্কান কমে আবার বাড়ে। আব্বার ফেশাব ধরি রাইখপার নফারে। ইউরোলজিষ্টর পরামর্শ অনুযায়ী ইউরোলোসিন খাইতাসে। এহন আঁরা কি গরি ফারির।"
24843,"আসসালামু আলাইকুম আঁর ফুয়ার বয়স ন' মাস। পয়দার ফরত্থুন ইতার মাতাত বউত গওন চুল আছিল, বরিয়া ক’দ্দিন ধরি মাথার সামনার দিকর কিসু কিসু জাইগাত চুল পাতলা অই যাইয়ে। বরিয়া চুলর গুড়া আছে, আত দি টিয়া চাইলে বুঝা যায়। ইতা কুনো মুসিবত নি, মুসিবত অইলে কি গরিত অইব জানাইবা দয়া গরি।"
18693,আঁর ফুয়া বাবুর বয়স আট দিন। আজি মাইক্রোবাসত চড়ি হগল্লাই নানি বাড়ি যার। এহন বাবুর অল্প হর্দি লাগের মনে অইয়ের। ঠিকমতন ঘুমাইতে ন পারে। মুখদি নিশশাশ টানের আর খালি কাইনতাছে। এন হমৎত তারে কি কুন দাওয়াই খাওয়াইতোন যাইবো নি? থাইলে হনু জলদি জানাইবেন।
19338,"স্যার আসসালামু আলাইকুম। আঁর বউগ্গিনির মাসিক্কের সমস্যা। আঁই এ মাসর ২ তারিখত ডাক্তার দেহাইছি। নরমেনস ২১ দিন তিন বার, ৭ দিন বাদে আঁইও ২১ দিন, এইরুম তিন মাস আর রেড প্লাস এক বার। ফয়লা ২১ দিন বাদে বন্ধ গরিবের বাদে তিনদিন বাদে মাসিক্ক অয়। এ সমত তলপেটত ব-অউত দুগ্গুন গরে। এ অস্থাঅ আঁরা কি গরিত পারি মেহেরবানি গরি জানাইবেন। মেহেরবানি।"
487,"আসসালামু আলাইকুম, আঁনার বউয়ার গতত হরবখত বেথা অয়, তাইন যেমতে কইয়্যে, গোশতত বেথা গরের। কিচ্ছুম জ্বর অইলে গতত যেলা বেথা অয়, এইলা। উঁচা পাঁচ ফুঁট ছয় ইঞ্চি'র লাহান, উজন পঁইচাত্তর কেজি। আঁই তাইনরে লইয়্যে অনক্কন চিন্তাত আছি। কয়দিন আগে দূর্বল অই যাইয়্যে, ঐবখত ডাকতর কইয়্যে রক্ত দিবা লাগিব ফারে, মগার যদি কয়দিন ভালা খাওয়া-দাওয়া গরি সুস্থ অই যায়, ওলে আর রক্ত দিবা ন' লাইব। মগার ডরাইবার কিচ্ছু ন কইয়্যে। আঁর জানা মতে ইনার থাইরয়েড'র সমস্যা থাইকতে ফারে।"
2972,ভাই আঁর আতত বগা বগা গুল দাগ পরের। ডাক্তারর লগে পরামর্শ লইলে ডাক্তরে 'ছুলি কিউর' নামর এক্কান অষুধ দিছিল। কয়দিন ব্যবহার গরি এহন আর ব্যবহার গরির ন। এঁতালা এহন আতর দাগগুন আঁত্তে দ্যঁয়া যার। এই ব্যাপারত পরামর্শ দিলে খুশি হইয়ুম।
14982,"কয়দিন ধরি আঁর বগরর ডাইন চাইরত বউত বেওন। ই বেওনঅ হাতদি চাপ দিলে, বা এট্টু জোরা কতা কইলে, বা কুনু কাম গইরলে, বা ফ্যানর বাতাস লাইগলে টের অয়। কুনু কুনু সময় ই বেওনঅ বগরর বাম চাইরত বা মইদ্যেও অয়। লগে হাইস্য, জর, গলা বেওন নাই। আঁই 31 বছরর পুরিষ মানুষ।"
17298,আঁর বউ উনার ব-ইশ বাইশ। উনার আত্ত মাসর দুদঅর পুয়া আছে। গত এক বছর ধরি উনার শরিলঅর নানান জাগাত দাউদর লা রস রস ওয়ালা এক ধরনর চামড়ার বিরাম আছে। ইডা ব-উত চুলঅই। আঁই ব-উত ওসত খুয়াইরলুম। ব-ইনে ব-ইনে অলপ কমিয়ুনোও স্হায়ীভাবে ভালো ন-অ। এহন আঁই ক্যান গরিবার ফারি?
4850,"আঁঁর ওয়াইফ ওমানত থাহে, হেতের মাতাব্যাতা আছিল কাইল্যা গোটা দিন। হন্ডে রাইতত এইয়ুন বাড়ি গেছিল, রাইতত হেতের জ্বর আইয়্যে। এহন সক্কালা কিয়ৎক্ষণ ভালা আছিল, এহন আবার হেতের মাতাব্যাতা অইল। আর লগে জ্বরও আছে, শইল্ডাও কিয়ান কিয়ান লাগির। এইয়ুন কিয়ার লক্ষণ আঁরে জানাইবেন প্লিজ।"
10626,"আঁর বয়স ২৪। আঁই গইত দসদিন আগে ঘাড ফিরাইত যাই শিন ফড়ে। এডার এক দিন ফর হোঠাট বাম আথর হেশ আঙ্গুল জিনজিন গরে। ডাক্তাররে কইলে ওনি ডেফলাকর্ট, নিউরেপ দে এক্কান গলাত বেল্ট দে। দসদিন খাইবার ফর এহন জাইগাডা ফুলি গেইয়ে আড় বিয়থা গরের, মাজে মাজে চঁক্ষত খোট মারে, বাম হাত আড় বাম ফোঁয়া এহন দুর্বল লাগের। মাতার অই সাইডডা রাইতত ঘামে, আড় ঠাণ্ডা লাগের, অইল্লেক্ব্য কিছু দিন আগে আঁর পেনিক ডিজঅর্ডার আসিল।"
11098,আঁর গ্যাস্ট্রিকর সমস্য আছে। গলার ভতরত কেমন য্যান চাপি আসে। মন অয় কি য্যান বাঁধি আসে। খাবার খাইতঅনত ব-ত কষ্ট অয় আর ই গলারত টোল্লার লাহান ই জিনিসখান এক্কা জায়গাত থাহে না। শরীল ব-ত দু্র্বল গরি ফেলায় আর কেমন য্যান ছাড়ি দেয়। আঁই ই অবস্থাথ কি গরিত ফারি?
3053,"আছছালামুআলাইকুম ছ্যার, আঁই একখান বিষই কইয়ুম। আঁ-র শরীল হোনডা অওনোর লাই কেই কেই খানা খাইত অইবো বা কেই অঁঔশদ খাইত অইবো যেইতার কারণে আঁ-র শরীল হোনডা অইবো? আঁই বহুত অঁঔশদ ন'ইলে ভিটামিন খাইয়ি যেইতার কুনু ফল পাইয়ি ন'আঁই। আঁই আঁ-র কেই কেই গইত্তাম ন'ইলে খাইতাম ভালা অইবো বলি আঁরা মনে গইরজেন?"
19344,"আঁগ দিন ধরি এইরুম অরতাসে, আঁর ডাইন ফাসের বিচির উঁয়রত জেই রগ বা শিরা থাহে, এইতার লগে মানে এইতার বিতর বত হরু এক্কানা রগ ফুলি রইয়ে মনে অয়, বিচির লগেই মিশি এই উঁয়রত। এইর লাই হঠাত হাঁটিত গেইলে মাজে মাজে আল্কা পরিমাণ হুরু দুক্ক লাগে। ইবাক্কান কীয়ের সমস্য আর এইর ইলাজ কি? এইর লাই সবসময় গতরত মানে রানের উইঁয়াঁত কীয়েরম যেন আল্কা ফিল অয়।"
25737,"চাইর-পাঁচ বছর ধরি নিয়মিত ঘুম ন আয়ে। অত্ত ঘুমর অইষুদ খাইয়ার পরেও এক্কানা ঘুম অইলেও এরপরে আর ন আয়ে। ইয়া ছাড়াও মাত্তা সবসময় জ্যাম থায়ে, মাত্তা খাউজায়ে। মাত্তার চুল ঝরি যার। সবসময় কোষ্ঠকাঠিন্য থায়ে। ডুরালেক্স খাইলেই সমইস্যার সমাধান অইলেও অইষুদ ছারলে আঁইলে কোষ্ঠকাঠিন্য আহে। আর মাঝেমাঝে শ্বাসকষ্ট অয়।"
14729,আঁর ঘুম তুন উইট্ঠের ফর ঘাড়ত বেথা অয়। ইডা ডাইন বাঁও গইলে কড়মড় গরের। আর বজম লাগের। কিসু বুর ফর ঠিক অয়। রোজ বেইন্নাহান ঘুম তুন উইট্ঠের ফর এন অয়। দুই হফতা ধরি ই সমস্যা ভুগের। আইজ্ঞা মাতাত দুইতা বালিশ দিতাম। এহন একখান দেঁ। ইডা কি কুনো কারন না আঁর কিসু..?
16379,"আঁঁর নিশ্বাস ঠিক আছে, আঁত নহরর পিছে ঠাণ্ডা লাগিলে যেইল্লা লাগে অইল্লা লাগে, বেয়ানে ঘুমাত্তুন উঠিতে কষ্ট অয় (চউখ খুলিতে কষ্ট অয়), চউখর পিছে বেতা লাগে, মতা বেতা গরে। ফারা দিন মতা ঝিম ঝিম গরে। পিএনএস এক্সরে করাইছি, সি বি সি, সি আর পি টেষ্ট করাইছি রেজাল্ট ছব ঠিক ঠাক আইছেরে। অন কি গইজ্জুম আঁই।"
21526,আঁর গাড়র নিচে দুই আথুর মাঝে ১০-১২ দিন ধরি বেথা অই রইয়ে। আঁর গ্যাসোর সমস্যা আছে। আঁই এক দিন পরপর এক্কান করি অপটন ২০ টেবলেট রাতি খানার আগে খাই। অলে এহন দুই দিন ধরি রেবিপ্রাজল সোডিয়াম ২০ দিনত দুইডা আর অমিডন দিনত তিনডা খা রইয়ি কিন্তু বেথা ন কমের। দিনত বেস্ততার মাঝে কাডি যারগি কিন্তু রাতি ঘুমাইতে ন পারির। মেহেরবানি করি পরার্মশ দি সাহায্য গরিবাইন।
15758,"শইলর বিমার ঠেকাইত ফারার শক্তি বাড়াইবার লাই কিয়া কিয়া খাইত লাগিব, এট্টু কইবেন নি ছার? ছার, আঁরকটা বিষয় হইলো ফজরবেলা ঘুমতন উইঠার ফরে আঁর কতা এট্টু ভারভার শুনা যায়, এইতার কারণ কিয়া? বতত বেই নাক বন্ধ অই যারগি, মগর কুনু সর্দি ভাব নাই। ই সমস্যা কিয়া এট্টু কইবেন নি?"
19879,"বওশ ষাইট। এদেঁর বঅরদ্দিন তুন ফুড পয়জন'র লাহান অইয়ে বমি, পাতলা পায়খানা। ওষুদ খাওয়াই অইয়ে। এহন পাতলা পায়খানা নাই, কিন্তুন জ্বর, বমি বমি ভাব, মূঁখ তিতা। কুনু কিচ্ছু খাইতো ফারে না। লগে শুকনা কাশি অইয়ে। আড্ডা ফাইন্ন হাইয়ার লাই রোগী'র একট্টা হাঁফানি সমস্যা আছে। আর কাশি দিল্লে ফেডেঁত ব্যথা ফায়। কিঁ গরা যাইবো?"
